year;country;Name of a bank;TOT_COMP_AW_TO_CEO__EQUIV;TOT_COMPENSATION_AW_TO_EXECS;TOT_SALARIES_PAID_TO_CEO__EQUIV;TOT_SAL__BNS_AW_TO_CEO__EQUIV;TOT_SALARIES__BNS_PD_TO_EXECS;;;
2010;Austria;Addiko Bank AG;;;;;;;;
2011;Austria;Addiko Bank AG;;;;;;;;
2012;Austria;Addiko Bank AG;;;;;;;;
2013;Austria;Addiko Bank AG;;;;;;;;
2014;Austria;Addiko Bank AG;;;;;;;;
2015;Austria;Addiko Bank AG;;;;;;;;
2009;Austria;Allgemeine Sparkasse Oberösterre;;;;;;;;
2010;Austria;Allgemeine Sparkasse Oberösterre;;;;;;;;
2011;Austria;Allgemeine Sparkasse Oberösterre;;;;;;;;
2012;Austria;Allgemeine Sparkasse Oberösterre;;;;;;;;
2013;Austria;Allgemeine Sparkasse Oberösterre;;;;;;;;
2014;Austria;Allgemeine Sparkasse Oberösterre;;;;;;;;
2009;Austria;Austrian Anadi Bank AG;;;;;;;;
2010;Austria;Austrian Anadi Bank AG;;;;;;;;
2011;Austria;Austrian Anadi Bank AG;;;;;;;;
2012;Austria;Austrian Anadi Bank AG;;;;;;;;
2013;Austria;Austrian Anadi Bank AG;;;;;;;;
2014;Austria;Austrian Anadi Bank AG;;;;;;;;
2009;Austria;BAWAG Group AG;;;;;;;;
2010;Austria;BAWAG Group AG;;;;;;;;
2011;Austria;BAWAG Group AG;;;;;;;;
2012;Austria;BAWAG Group AG;;;;;;;;
2013;Austria;BAWAG Group AG;;;;;;;;
2014;Austria;BAWAG Group AG;;;;;;;;
2009;Austria;BKS Bank AG;;;;;;;;
2010;Austria;BKS Bank AG;;;;;;;;
2011;Austria;BKS Bank AG;;;;;;;;
2012;Austria;BKS Bank AG;;;;;;;;
2013;Austria;BKS Bank AG;;;;;;;;
2014;Austria;BKS Bank AG;;;;;;;;
2009;Austria;Bank für Arbeit und Wirtschaft u;;;;;;;;
2010;Austria;Bank für Arbeit und Wirtschaft u;;;;;;;;
2011;Austria;Bank für Arbeit und Wirtschaft u;;;;;;;;
2012;Austria;Bank für Arbeit und Wirtschaft u;;;;;;;;
2013;Austria;Bank für Arbeit und Wirtschaft u;;;;;;;;
2014;Austria;Bank für Arbeit und Wirtschaft u;;;;;;;;
2009;Austria;Bank für Tirol und Vorarlberg AG;;;;;;;;
2010;Austria;Bank für Tirol und Vorarlberg AG;;;;;;;;
2011;Austria;Bank für Tirol und Vorarlberg AG;;;;;;;;
2012;Austria;Bank für Tirol und Vorarlberg AG;;;;;;;;
2013;Austria;Bank für Tirol und Vorarlberg AG;;;;;;;;
2014;Austria;Bank für Tirol und Vorarlberg AG;;;;;;;;
2009;Austria;Erste Group Bank AG;2069340;6513410;1444640;1444640;5269580;1085570;878262.71;
2010;Austria;Erste Group Bank AG;3707880;11711320;1392940;3113560;10358180;1673050;1479740;
2011;Austria;Erste Group Bank AG;2374880;8444640;1729780;1729780;6944050;1206380;992006.95;
2012;Austria;Erste Group Bank AG;2195760;6048120;1590240;1590240;4872050;1209620;974410.71;
2013;Austria;Erste Group Bank AG;2910870;7076990;1676860;2285230;5920560;1011000;845794.56;
2014;Austria;Erste Group Bank AG;2895310;7792110;1771800;1771800;5981780;1113160;854540.5;
2009;Austria;HYPO NOE Landesbank für Niederös;;;;;;;;
2010;Austria;HYPO NOE Landesbank für Niederös;;;;;;;;
2011;Austria;HYPO NOE Landesbank für Niederös;;;;;;;;
2012;Austria;HYPO NOE Landesbank für Niederös;;;;;;;;
2013;Austria;HYPO NOE Landesbank für Niederös;;;;;;;;
2014;Austria;HYPO NOE Landesbank für Niederös;;;;;;;;
2008;Austria;Hypo Group Alpe Adria;;;;;;;;
2009;Austria;Hypo Group Alpe Adria;;;;;;;;
2010;Austria;Hypo Group Alpe Adria;;;;;;;;
2009;Austria;Hypo Tirol Bank AG;;;;;;;;
2010;Austria;Hypo Tirol Bank AG;;;;;;;;
2011;Austria;Hypo Tirol Bank AG;;;;;;;;
2012;Austria;Hypo Tirol Bank AG;;;;;;;;
2013;Austria;Hypo Tirol Bank AG;;;;;;;;
2014;Austria;Hypo Tirol Bank AG;;;;;;;;
2009;Austria;Hypo Vorarlberg Bank AG;;;;;;;;
2010;Austria;Hypo Vorarlberg Bank AG;;;;;;;;
2011;Austria;Hypo Vorarlberg Bank AG;;;;;;;;
2012;Austria;Hypo Vorarlberg Bank AG;;;;;;;;
2013;Austria;Hypo Vorarlberg Bank AG;;;;;;;;
2014;Austria;Hypo Vorarlberg Bank AG;;;;;;;;
2011;Austria;KA Finanz ;;;;;;;;
2011;Austria;KA Neu;;;;;;;;
2008;Austria;Kommunalkredit Austria AG;;;;;;;;
2009;Austria;Kommunalkredit Austria AG;;;;;;;;
2010;Austria;Kommunalkredit Austria AG;;;;;;;;
2011;Austria;Kommunalkredit Austria AG;;;;;;;;
2012;Austria;Kommunalkredit Austria AG;;;;;;;;
2013;Austria;Kommunalkredit Austria AG;;;;;;;;
2014;Austria;Kommunalkredit Austria AG;;;;;;;;
2009;Austria;Oberbank AG;;;;;;;;
2010;Austria;Oberbank AG;;;;;;;;
2011;Austria;Oberbank AG;;;;;;;;
2012;Austria;Oberbank AG;;;;;;;;
2013;Austria;Oberbank AG;;;;;;;;
2014;Austria;Oberbank AG;;;;;;;;
2009;Austria;Raiffeisen Bank International AG;;;;;;;;
2010;Austria;Raiffeisen Bank International AG;;;;;;;;
2011;Austria;Raiffeisen Bank International AG;;;;;;;;
2012;Austria;Raiffeisen Bank International AG;;;;;;;;
2013;Austria;Raiffeisen Bank International AG;4162940;12535300;2197030;3792340;11189720;1790760;1598530;
2014;Austria;Raiffeisen Bank International AG;2747310;13287540;1471960;2245140;10493730;2214590;1748950;
2009;Austria;Raiffeisen Bausparkasse Gesellsc;;;;;;;;
2010;Austria;Raiffeisen Bausparkasse Gesellsc;;;;;;;;
2011;Austria;Raiffeisen Bausparkasse Gesellsc;;;;;;;;
2012;Austria;Raiffeisen Bausparkasse Gesellsc;;;;;;;;
2013;Austria;Raiffeisen Bausparkasse Gesellsc;;;;;;;;
2014;Austria;Raiffeisen Bausparkasse Gesellsc;;;;;;;;
2009;Austria;Raiffeisen-Landesbank Steiermark;;;;;;;;
2010;Austria;Raiffeisen-Landesbank Steiermark;;;;;;;;
2011;Austria;Raiffeisen-Landesbank Steiermark;;;;;;;;
2012;Austria;Raiffeisen-Landesbank Steiermark;;;;;;;;
2013;Austria;Raiffeisen-Landesbank Steiermark;;;;;;;;
2014;Austria;Raiffeisen-Landesbank Steiermark;;;;;;;;
2009;Austria;Raiffeisen-Landesbank Tirol AG;;;;;;;;
2010;Austria;Raiffeisen-Landesbank Tirol AG;;;;;;;;
2011;Austria;Raiffeisen-Landesbank Tirol AG;;;;;;;;
2012;Austria;Raiffeisen-Landesbank Tirol AG;;;;;;;;
2013;Austria;Raiffeisen-Landesbank Tirol AG;;;;;;;;
2014;Austria;Raiffeisen-Landesbank Tirol AG;;;;;;;;
2009;Austria;Raiffeisenlandesbank Niederöster;;;;;;;;
2010;Austria;Raiffeisenlandesbank Niederöster;;;;;;;;
2011;Austria;Raiffeisenlandesbank Niederöster;;;;;;;;
2012;Austria;Raiffeisenlandesbank Niederöster;;;;;;;;
2013;Austria;Raiffeisenlandesbank Niederöster;;;;;;;;
2014;Austria;Raiffeisenlandesbank Niederöster;;;;;;;;
2009;Austria;Raiffeisenlandesbank Oberösterre;;;;;;;;
2010;Austria;Raiffeisenlandesbank Oberösterre;;;;;;;;
2011;Austria;Raiffeisenlandesbank Oberösterre;;;;;;;;
2012;Austria;Raiffeisenlandesbank Oberösterre;;;;;;;;
2013;Austria;Raiffeisenlandesbank Oberösterre;;;;;;;;
2014;Austria;Raiffeisenlandesbank Oberösterre;;;;;;;;
2009;Austria;Sberbank Europe AG;;;;;;;;
2010;Austria;Sberbank Europe AG;;;;;;;;
2011;Austria;Sberbank Europe AG;;;;;;;;
2012;Austria;Sberbank Europe AG;;;;;;;;
2013;Austria;Sberbank Europe AG;;;;;;;;
2014;Austria;Sberbank Europe AG;;;;;;;;
2009;Austria;Steiermärkische Bank und Sparkas;;;;;;;;
2010;Austria;Steiermärkische Bank und Sparkas;;;;;;;;
2011;Austria;Steiermärkische Bank und Sparkas;;;;;;;;
2012;Austria;Steiermärkische Bank und Sparkas;;;;;;;;
2013;Austria;Steiermärkische Bank und Sparkas;;;;;;;;
2014;Austria;Steiermärkische Bank und Sparkas;;;;;;;;
2009;Austria;UniCredit Bank Austria AG;;;;;;;;
2010;Austria;UniCredit Bank Austria AG;;;;;;;;
2011;Austria;UniCredit Bank Austria AG;;;;;;;;
2012;Austria;UniCredit Bank Austria AG;;;;;;;;
2013;Austria;UniCredit Bank Austria AG;;;;;;;;
2014;Austria;UniCredit Bank Austria AG;;;;;;;;
2008;Austria;Volksbanken-Verbund;;;;;;;;
2009;Austria;Volksbanken-Verbund;839192.92;3807410;839192.92;839192.92;3807410;951852.25;951852.25;
2010;Austria;Volksbanken-Verbund;1177390;2373030;809167.79;1177390;2373030;593258.51;593258.51;
2011;Austria;Volksbanken-Verbund;1194640;2837410;868258.81;1194640;2837410;709352.65;709352.65;
2012;Austria;Volksbanken-Verbund;1383800;3388370;832640.37;1383800;3388370;847093.29;847093.29;
2013;Austria;Volksbanken-Verbund;1502600;4801970;884596.14;1502600;4310500;1200490;1077620;
2014;Austria;Volksbanken-Verbund;1539070;4920910;1052050;1539070;4920910;1230230;1230230;
2015;Austria;Volksbanken-Verbund;1740750;5732510;1317640;1740750;5732510;1433130;1433130;
2016;Austria;Volksbanken-Verbund;1795790;5902550;1350290;1795790;5902550;1475640;1475640;
2017;Austria;Volksbanken-Verbund;2064860;6622760;1499900;2064860;6622760;1655690;1655690;
2018;Austria;Volksbanken-Verbund;1669200;6519940;1003680;1669200;5541950;1629980;1385490;
2009;Belgium;AXA Bank Belgium SA;;;;;;;;
2010;Belgium;AXA Bank Belgium SA;;;;;;;;
2011;Belgium;AXA Bank Belgium SA;;;;;;;;
2012;Belgium;AXA Bank Belgium SA;;;;;;;;
2013;Belgium;AXA Bank Belgium SA;;;;;;;;
2014;Belgium;AXA Bank Belgium SA;;;;;;;;
2009;Belgium;Argenta Bank- en Verzekeringsgro;;;;;;;;
2010;Belgium;Argenta Bank- en Verzekeringsgro;;;;;;;;
2011;Belgium;Argenta Bank- en Verzekeringsgro;;;;;;;;
2012;Belgium;Argenta Bank- en Verzekeringsgro;;;;;;;;
2013;Belgium;Argenta Bank- en Verzekeringsgro;;;;;;;;
2014;Belgium;Argenta Bank- en Verzekeringsgro;;;;;;;;
2009;Belgium;Argenta Spaarbank NV;;;;;;;;
2010;Belgium;Argenta Spaarbank NV;;;;;;;;
2011;Belgium;Argenta Spaarbank NV;;;;;;;;
2012;Belgium;Argenta Spaarbank NV;;;;;;;;
2013;Belgium;Argenta Spaarbank NV;;;;;;;;
2014;Belgium;Argenta Spaarbank NV;;;;;;;;
2008;Belgium;BNP Paribas Fortis SA;;;;;;;;
2010;Belgium;BNP Paribas Fortis SA;;;;;;;;
2011;Belgium;BNP Paribas Fortis SA;;167839.32;;;53233.884;167839.32;53233.884;
2012;Belgium;BNP Paribas Fortis SA;1585230;1835330;1176820;1176820;1321490;305888.56;220247.54;
2013;Belgium;BNP Paribas Fortis SA;1585230;1835330;1176820;1176820;1321490;305888.56;220247.54;
2014;Belgium;BNP Paribas Fortis SA;1585230;1835330;1176820;1176820;1321490;305888.56;220247.54;
2015;Belgium;BNP Paribas Fortis SA;1844110;1844110;1030660;1419160;1419160;1844110;1419160;
2009;Belgium;Belfius Banque SA;;;;;;;;
2010;Belgium;Belfius Banque SA;;;;;;;;
2011;Belgium;Belfius Banque SA;;;;;;;;
2012;Belgium;Belfius Banque SA;;;;;;;;
2013;Belgium;Belfius Banque SA;;;;;;;;
2014;Belgium;Belfius Banque SA;;;;;;;;
2009;Belgium;CBC Banque SA;;;;;;;;
2010;Belgium;CBC Banque SA;;;;;;;;
2011;Belgium;CBC Banque SA;;;;;;;;
2012;Belgium;CBC Banque SA;;;;;;;;
2013;Belgium;CBC Banque SA;;;;;;;;
2014;Belgium;CBC Banque SA;;;;;;;;
2009;Belgium;Centea SA;;;;;;;;
2010;Belgium;Centea SA;;;;;;;;
2011;Belgium;Centea SA;;;;;;;;
2012;Belgium;Centea SA;;;;;;;;
2013;Belgium;Centea SA;;;;;;;;
2014;Belgium;Centea SA;;;;;;;;
2009;Belgium;Crelan NV;;;;;;;;
2010;Belgium;Crelan NV;;;;;;;;
2011;Belgium;Crelan NV;;;;;;;;
2012;Belgium;Crelan NV;;;;;;;;
2013;Belgium;Crelan NV;;;;;;;;
2014;Belgium;Crelan NV;;;;;;;;
2009;Belgium;Dexia SA;;;;;;;;
2010;Belgium;Dexia SA;;;;;;;;
2011;Belgium;Dexia SA;;;;;;;;
2012;Belgium;Dexia SA;;;;;;;;
2013;Belgium;Dexia SA;;;;;;;;
2014;Belgium;Dexia SA;;;;;;;;
2015;Belgium;Dexia SA;;;;;;;;
2016;Belgium;Dexia SA;;;;;;;;
2017;Belgium;Dexia SA;;;;;;;;
2008;Belgium;Ethias Bank SA;;;;;;;;
2011;Belgium;Ethias Bank SA;;;;;;;;
2009;Belgium;Euroclear Bank SA/NV;;;;;;;;
2010;Belgium;Euroclear Bank SA/NV;;;;;;;;
2011;Belgium;Euroclear Bank SA/NV;;;;;;;;
2012;Belgium;Euroclear Bank SA/NV;;;;;;;;
2013;Belgium;Euroclear Bank SA/NV;;;;;;;;
2014;Belgium;Euroclear Bank SA/NV;;;;;;;;
2009;Belgium;ING België NV;;;;;;;;
2010;Belgium;ING België NV;;;;;;;;
2011;Belgium;ING België NV;;;;;;;;
2012;Belgium;ING België NV;;;;;;;;
2013;Belgium;ING België NV;;;;;;;;
2014;Belgium;ING België NV;;;;;;;;
2008;Belgium;KBC Bank NV;;;;;;;;
2009;Belgium;KBC Bank NV;;;;;;;;
2010;Belgium;KBC Bank NV;;;;;;;;
2011;Belgium;KBC Bank NV;;;;;;;;
2012;Belgium;KBC Bank NV;;;;;;;;
2013;Belgium;KBC Bank NV;;;;;;;;
2014;Belgium;KBC Bank NV;;;;;;;;
2009;Belgium;KBC Group NV;;;976662.07;;;;;
2010;Belgium;KBC Group NV;;;945210.44;;;;;
2011;Belgium;KBC Group NV;1013120;1013120;1013120;1013120;1013120;1013120;1013120;
2012;Belgium;KBC Group NV;1378760;1378760;1222790;1378760;1378760;689380.34;689380.34;
2013;Belgium;KBC Group NV;1231990;1231990;1167590;1231990;1231990;1231990;1231990;
2014;Belgium;KBC Group NV;1647550;1647550;1381630;1647550;1647550;1647550;1647550;
2009;Belgium;Record Bank SA;;;;;;;;
2010;Belgium;Record Bank SA;;;;;;;;
2011;Belgium;Record Bank SA;;;;;;;;
2012;Belgium;Record Bank SA;;;;;;;;
2013;Belgium;Record Bank SA;;;;;;;;
2014;Belgium;Record Bank SA;;;;;;;;
2008;Belgium/Luxembourg/France;Dexia SA;;;;;;;;
2008;Belgium/Luxembourg/Netherlands;Fortis Bank NV;;;;;;;;
2014;Cyprus;Cyprus Cooperative Bank Ltd.;;;;;;;;
2015;Cyprus;Cyprus Cooperative Bank Ltd.;;;;;;;;
2012;Cyprus;Cyprus Popular Bank Public Co. L;;;;;;;;
2010;Denmark;Amagerbanken A/S;;;;;;;;
2011;Denmark;Amagerbanken A/S;;;;;;;;
2015;Denmark;Andelskassen;;;;;;;;
2009;Denmark;Arbejdernes Landsbank A/S;;;;;;;;
2010;Denmark;Arbejdernes Landsbank A/S;;;;;;;;
2011;Denmark;Arbejdernes Landsbank A/S;;;;;;;;
2012;Denmark;Arbejdernes Landsbank A/S;;;;;;;;
2013;Denmark;Arbejdernes Landsbank A/S;;;;;;;;
2014;Denmark;Arbejdernes Landsbank A/S;;;;;;;;
2009;Denmark;Danske Bank A/S;1610590;5374870;1329670;1329670;4326110;1074970;865222.36;
2010;Denmark;Danske Bank A/S;1638870;6341720;1264780;1264780;4987870;1056950;831311.68;
2011;Denmark;Danske Bank A/S;2317320;9474840;1887490;1887490;7830300;1579140;1305050;
2012;Denmark;Danske Bank A/S;2314770;8049870;2038380;2245670;7203420;1341640;1200570;
2013;Denmark;Danske Bank A/S;1781060;7685250;1549520;1620760;6937210;1097890;991030.02;
2014;Denmark;Danske Bank A/S;2886780;10463150;1995800;2387830;9750370;1494740;1392910;
2009;Denmark;Djurslands Bank A/S;;;;;;;;
2010;Denmark;Djurslands Bank A/S;;;;;;;;
2011;Denmark;Djurslands Bank A/S;;;;;;;;
2012;Denmark;Djurslands Bank A/S;;;;;;;;
2013;Denmark;Djurslands Bank A/S;;;;;;;;
2014;Denmark;Djurslands Bank A/S;;;;;;;;
2008;Denmark;EBH;;;;;;;;
2009;Denmark;EBH;;;;;;;;
2010;Denmark;EBH;;;;;;;;
2010;Denmark;Eik Bank A/S;;;;;;;;
2011;Denmark;Eik Bank A/S;;;;;;;;
2009;Denmark;FIH A/S;;;;;;;;
2010;Denmark;FIH A/S;;;;;;;;
2011;Denmark;FIH A/S;;;;;;;;
2012;Denmark;FIH A/S;;;;;;;;
2013;Denmark;FIH A/S;;;;;;;;
2014;Denmark;FIH A/S;;;;;;;;
2008;Denmark;Fionia Bank A/S;;;;;;;;
2011;Denmark;Fjordbank Mors ;;;;;;;;
2008;Denmark;Fortis Bank (sold the Dutch oper;;;;;;;;
2009;Denmark;Fynske Bank A/S;;;;;;;;
2010;Denmark;Fynske Bank A/S;;;;;;;;
2011;Denmark;Fynske Bank A/S;;;;;;;;
2012;Denmark;Fynske Bank A/S;;;;;;;;
2013;Denmark;Fynske Bank A/S;;;;;;;;
2014;Denmark;Fynske Bank A/S;;;;;;;;
2009;Denmark;Hvidbjerg Bank A/S;;;;;;;;
2010;Denmark;Hvidbjerg Bank A/S;;;;;;;;
2011;Denmark;Hvidbjerg Bank A/S;;;;;;;;
2012;Denmark;Hvidbjerg Bank A/S;;;;;;;;
2013;Denmark;Hvidbjerg Bank A/S;;;;;;;;
2014;Denmark;Hvidbjerg Bank A/S;;;;;;;;
2009;Denmark;Jutlander Bank A/S;;;;;;;;
2010;Denmark;Jutlander Bank A/S;;;;;;;;
2011;Denmark;Jutlander Bank A/S;;;;;;;;
2012;Denmark;Jutlander Bank A/S;;;;;;;;
2013;Denmark;Jutlander Bank A/S;;;;;;;;
2014;Denmark;Jutlander Bank A/S;;;;;;;;
2009;Denmark;Jyske Bank A/S;;;;;;;;
2010;Denmark;Jyske Bank A/S;;;;;;;;
2011;Denmark;Jyske Bank A/S;1214720;5251340;1214720;1214720;5251340;875223.93;875223.93;
2012;Denmark;Jyske Bank A/S;1122840;3973110;1122840;1122840;3973110;993277.71;993277.71;
2013;Denmark;Jyske Bank A/S;1193310;4185480;1193310;1193310;4185480;1046370;1046370;
2014;Denmark;Jyske Bank A/S;1193920;4169790;1193920;1193920;4169790;1042450;1042450;
2009;Denmark;Kreditbanken A/S;;;;;;;;
2010;Denmark;Kreditbanken A/S;;;;;;;;
2011;Denmark;Kreditbanken A/S;;;;;;;;
2012;Denmark;Kreditbanken A/S;;;;;;;;
2013;Denmark;Kreditbanken A/S;;;;;;;;
2014;Denmark;Kreditbanken A/S;;;;;;;;
2009;Denmark;Lån & Spar Bank A/S;;;;;;;;
2010;Denmark;Lån & Spar Bank A/S;;;;;;;;
2011;Denmark;Lån & Spar Bank A/S;;;;;;;;
2012;Denmark;Lån & Spar Bank A/S;;;;;;;;
2013;Denmark;Lån & Spar Bank A/S;;;;;;;;
2014;Denmark;Lån & Spar Bank A/S;;;;;;;;
2009;Denmark;Løkken Sparekasse ;;;;;;;;
2009;Denmark;Max Bank A/S;;;;;;;;
2010;Denmark;Max Bank A/S;;;;;;;;
2011;Denmark;Max Bank A/S;;;;;;;;
2012;Denmark;Max Bank A/S;;;;;;;;
2013;Denmark;Max Bank A/S;;;;;;;;
2014;Denmark;Max Bank A/S;;;;;;;;
2009;Denmark;Nordfyns Bank A/S;;;;;;;;
2010;Denmark;Nordfyns Bank A/S;;;;;;;;
2011;Denmark;Nordfyns Bank A/S;;;;;;;;
2012;Denmark;Nordfyns Bank A/S;;;;;;;;
2013;Denmark;Nordfyns Bank A/S;;;;;;;;
2014;Denmark;Nordfyns Bank A/S;;;;;;;;
2009;Denmark;Nordjyske Bank A/S;;;;;;;;
2010;Denmark;Nordjyske Bank A/S;;;;;;;;
2011;Denmark;Nordjyske Bank A/S;;;;;;;;
2012;Denmark;Nordjyske Bank A/S;;;;;;;;
2013;Denmark;Nordjyske Bank A/S;;;;;;;;
2014;Denmark;Nordjyske Bank A/S;;;;;;;;
2010;Denmark;Nova Bank Fyn;;;;;;;;
2009;Denmark;Nykredit Bank A/S;;;;;;;;
2010;Denmark;Nykredit Bank A/S;;;;;;;;
2011;Denmark;Nykredit Bank A/S;;;;;;;;
2012;Denmark;Nykredit Bank A/S;;;;;;;;
2013;Denmark;Nykredit Bank A/S;;;;;;;;
2014;Denmark;Nykredit Bank A/S;;;;;;;;
2009;Denmark;Old Fionia;;;;;;;;
2009;Denmark;Ringkjøbing Landbobank A/S;;;;;;;;
2010;Denmark;Ringkjøbing Landbobank A/S;;;;;;;;
2011;Denmark;Ringkjøbing Landbobank A/S;;;;;;;;
2012;Denmark;Ringkjøbing Landbobank A/S;;;;;;;;
2013;Denmark;Ringkjøbing Landbobank A/S;;;;;;;;
2014;Denmark;Ringkjøbing Landbobank A/S;;;;;;;;
2008;Denmark;Roskilde Bank A/S;;;;;;;;
2009;Denmark;Salling Bank A/S;;;;;;;;
2010;Denmark;Salling Bank A/S;;;;;;;;
2011;Denmark;Salling Bank A/S;;;;;;;;
2012;Denmark;Salling Bank A/S;;;;;;;;
2013;Denmark;Salling Bank A/S;;;;;;;;
2014;Denmark;Salling Bank A/S;;;;;;;;
2009;Denmark;Skjern Bank A/S;;;;;;;;
2010;Denmark;Skjern Bank A/S;;;;;;;;
2011;Denmark;Skjern Bank A/S;;;;;;;;
2012;Denmark;Skjern Bank A/S;;;;;;;;
2013;Denmark;Skjern Bank A/S;;;;;;;;
2014;Denmark;Skjern Bank A/S;;;;;;;;
2009;Denmark;Spar Nord Bank A/S;;;;;;;;
2010;Denmark;Spar Nord Bank A/S;;;;;;;;
2011;Denmark;Spar Nord Bank A/S;;;;;;;;
2012;Denmark;Spar Nord Bank A/S;;;;;;;;
2013;Denmark;Spar Nord Bank A/S;;;;;;;;
2014;Denmark;Spar Nord Bank A/S;;;;;;;;
2009;Denmark;Sydbank A/S;749110.27;2228600;618015.97;618015.97;1854050;557150.76;463511.98;
2010;Denmark;Sydbank A/S;605671.9;616539.49;.92632;53442.481;64310.07;123307.9;12862.014;
2011;Denmark;Sydbank A/S;1.00915;3.23303;.82227;186881.38;186882.53;1.07768;62294.178;
2012;Denmark;Sydbank A/S;.86372;1.91746;.86372;.86372;1.64107;.63915;.54702;
2013;Denmark;Sydbank A/S;943959.28;2957980;943959.28;943959.28;2120880;591595.31;424176.12;
2014;Denmark;Sydbank A/S;908801.36;2134790;962260.27;962260.27;2301050;533698.05;575262.35;
2009;Denmark;Vestjysk Bank A/S;;;;;;;;
2010;Denmark;Vestjysk Bank A/S;;;;;;;;
2011;Denmark;Vestjysk Bank A/S;;;;;;;;
2012;Denmark;Vestjysk Bank A/S;;;;;;;;
2013;Denmark;Vestjysk Bank A/S;;;;;;;;
2014;Denmark;Vestjysk Bank A/S;;;;;;;;
2008;France;BNP Paribas SA;5756670;13834280;1391220;1391220;3993460;2766860;798692.95;4183110
2009;France;BNP Paribas SA;1457930;4341680;1324710;1324710;3922790;1085420;980697.57;0
2010;France;BNP Paribas SA;2243130;7002920;1260280;2125110;6565780;1750730;1641450;0
2011;France;BNP Paribas SA;7081140;11357000;2454110;5709110;9465810;1892830;1577640;0
2012;France;BNP Paribas SA;4091830;12285710;1478760;4039350;12027540;2457140;2405510;0
2013;France;BNP Paribas SA;4569900;12148310;1660390;4503130;23907860;2429660;4781570;0
2014;France;BNP Paribas SA;3771080;9187930;1660610;3254800;7597850;1837590;1519570;0
2009;France;Banque CIC Nord Ouest SA;;;;;;;;
2010;France;Banque CIC Nord Ouest SA;;;;;;;;
2011;France;Banque CIC Nord Ouest SA;;;;;;;;
2012;France;Banque CIC Nord Ouest SA;;;;;;;;
2013;France;Banque CIC Nord Ouest SA;;;;;;;;
2014;France;Banque CIC Nord Ouest SA;;;;;;;;
2009;France;Banque CIC Ouest SA;;;;;;;;
2010;France;Banque CIC Ouest SA;;;;;;;;
2011;France;Banque CIC Ouest SA;;;;;;;;
2012;France;Banque CIC Ouest SA;;;;;;;;
2013;France;Banque CIC Ouest SA;;;;;;;;
2014;France;Banque CIC Ouest SA;;;;;;;;
2009;France;Banque Européenne du Crédit Mutu;;;;;;;;
2010;France;Banque Européenne du Crédit Mutu;;;;;;;;
2011;France;Banque Européenne du Crédit Mutu;;;;;;;;
2012;France;Banque Européenne du Crédit Mutu;;;;;;;;
2013;France;Banque Européenne du Crédit Mutu;;;;;;;;
2014;France;Banque Européenne du Crédit Mutu;;;;;;;;
2008;France;Banque Federale des Banques Popu;;;;;;;;
2009;France;Banque Federale des Banques Popu;;;;;;;;
2009;France;Banque Fédérative du Crédit Mutu;;;;;;;;
2010;France;Banque Fédérative du Crédit Mutu;;;;;;;;
2011;France;Banque Fédérative du Crédit Mutu;;;;;;;;
2012;France;Banque Fédérative du Crédit Mutu;;;;;;;;
2013;France;Banque Fédérative du Crédit Mutu;;;;;;;;
2014;France;Banque Fédérative du Crédit Mutu;;;;;;;;
2009;France;Banque Populaire Alsace Lorraine;;;;;;;;
2010;France;Banque Populaire Alsace Lorraine;;;;;;;;
2011;France;Banque Populaire Alsace Lorraine;;;;;;;;
2012;France;Banque Populaire Alsace Lorraine;;;;;;;;
2013;France;Banque Populaire Alsace Lorraine;;;;;;;;
2014;France;Banque Populaire Alsace Lorraine;;;;;;;;
2009;France;Banque Populaire Auvergne Rhône;;;;;;;;
2010;France;Banque Populaire Auvergne Rhône;;;;;;;;
2011;France;Banque Populaire Auvergne Rhône;;;;;;;;
2012;France;Banque Populaire Auvergne Rhône;;;;;;;;
2013;France;Banque Populaire Auvergne Rhône;;;;;;;;
2014;France;Banque Populaire Auvergne Rhône;;;;;;;;
2009;France;Banque Populaire Bourgogne Franc;;;;;;;;
2010;France;Banque Populaire Bourgogne Franc;;;;;;;;
2011;France;Banque Populaire Bourgogne Franc;;;;;;;;
2012;France;Banque Populaire Bourgogne Franc;;;;;;;;
2013;France;Banque Populaire Bourgogne Franc;;;;;;;;
2014;France;Banque Populaire Bourgogne Franc;;;;;;;;
2009;France;Banque Populaire Occitane SAC;;;;;;;;
2010;France;Banque Populaire Occitane SAC;;;;;;;;
2011;France;Banque Populaire Occitane SAC;;;;;;;;
2012;France;Banque Populaire Occitane SAC;;;;;;;;
2013;France;Banque Populaire Occitane SAC;;;;;;;;
2014;France;Banque Populaire Occitane SAC;;;;;;;;
2009;France;Caisse Fédérale de Crédit Mutuel;;;;;;;;
2010;France;Caisse Fédérale de Crédit Mutuel;;;;;;;;
2011;France;Caisse Fédérale de Crédit Mutuel;;;;;;;;
2012;France;Caisse Fédérale de Crédit Mutuel;;;;;;;;
2013;France;Caisse Fédérale de Crédit Mutuel;;;;;;;;
2014;France;Caisse Fédérale de Crédit Mutuel;;;;;;;;
2009;France;Caisse Fédérale du Crédit Mutuel;;;;;;;;
2010;France;Caisse Fédérale du Crédit Mutuel;;;;;;;;
2011;France;Caisse Fédérale du Crédit Mutuel;;;;;;;;
2012;France;Caisse Fédérale du Crédit Mutuel;;;;;;;;
2013;France;Caisse Fédérale du Crédit Mutuel;;;;;;;;
2014;France;Caisse Fédérale du Crédit Mutuel;;;;;;;;
2009;France;Caisse Fédérale du Crédit Mutuel;;;;;;;;
2010;France;Caisse Fédérale du Crédit Mutuel;;;;;;;;
2011;France;Caisse Fédérale du Crédit Mutuel;;;;;;;;
2012;France;Caisse Fédérale du Crédit Mutuel;;;;;;;;
2013;France;Caisse Fédérale du Crédit Mutuel;;;;;;;;
2014;France;Caisse Fédérale du Crédit Mutuel;;;;;;;;
2009;France;Caisse Fédérale du Crédit Mutuel;;;;;;;;
2010;France;Caisse Fédérale du Crédit Mutuel;;;;;;;;
2011;France;Caisse Fédérale du Crédit Mutuel;;;;;;;;
2012;France;Caisse Fédérale du Crédit Mutuel;;;;;;;;
2013;France;Caisse Fédérale du Crédit Mutuel;;;;;;;;
2014;France;Caisse Fédérale du Crédit Mutuel;;;;;;;;
2009;France;Caisse Régionale de Crédit Agric;;;;;;;;
2010;France;Caisse Régionale de Crédit Agric;;;;;;;;
2011;France;Caisse Régionale de Crédit Agric;;;;;;;;
2012;France;Caisse Régionale de Crédit Agric;;;;;;;;
2013;France;Caisse Régionale de Crédit Agric;;;;;;;;
2014;France;Caisse Régionale de Crédit Agric;;;;;;;;
2009;France;Caisse Régionale de Crédit Agric;;;;;;;;
2010;France;Caisse Régionale de Crédit Agric;;;;;;;;
2011;France;Caisse Régionale de Crédit Agric;;;;;;;;
2012;France;Caisse Régionale de Crédit Agric;;;;;;;;
2013;France;Caisse Régionale de Crédit Agric;;;;;;;;
2014;France;Caisse Régionale de Crédit Agric;;;;;;;;
2009;France;Caisse Régionale de Crédit Agric;;;;;;;;
2010;France;Caisse Régionale de Crédit Agric;;;;;;;;
2011;France;Caisse Régionale de Crédit Agric;;;;;;;;
2012;France;Caisse Régionale de Crédit Agric;;;;;;;;
2013;France;Caisse Régionale de Crédit Agric;;;;;;;;
2014;France;Caisse Régionale de Crédit Agric;;;;;;;;
2009;France;Caisse Régionale de Crédit Agric;;;;;;;;
2010;France;Caisse Régionale de Crédit Agric;;;;;;;;
2011;France;Caisse Régionale de Crédit Agric;;;;;;;;
2012;France;Caisse Régionale de Crédit Agric;;;;;;;;
2013;France;Caisse Régionale de Crédit Agric;;;;;;;;
2014;France;Caisse Régionale de Crédit Agric;;;;;;;;
2009;France;Caisse Régionale de Crédit Agric;;;;;;;;
2010;France;Caisse Régionale de Crédit Agric;;;;;;;;
2011;France;Caisse Régionale de Crédit Agric;;;;;;;;
2012;France;Caisse Régionale de Crédit Agric;;;;;;;;
2013;France;Caisse Régionale de Crédit Agric;;;;;;;;
2014;France;Caisse Régionale de Crédit Agric;;;;;;;;
2009;France;Caisse Régionale de Crédit Agric;;;;;;;;
2010;France;Caisse Régionale de Crédit Agric;;;;;;;;
2011;France;Caisse Régionale de Crédit Agric;;;;;;;;
2012;France;Caisse Régionale de Crédit Agric;;;;;;;;
2013;France;Caisse Régionale de Crédit Agric;;;;;;;;
2014;France;Caisse Régionale de Crédit Agric;;;;;;;;
2009;France;Caisse Régionale de Crédit Agric;;;;;;;;
2010;France;Caisse Régionale de Crédit Agric;;;;;;;;
2011;France;Caisse Régionale de Crédit Agric;;;;;;;;
2012;France;Caisse Régionale de Crédit Agric;;;;;;;;
2013;France;Caisse Régionale de Crédit Agric;;;;;;;;
2014;France;Caisse Régionale de Crédit Agric;;;;;;;;
2009;France;Caisse Régionale de Crédit Agric;;;;;;;;
2010;France;Caisse Régionale de Crédit Agric;;;;;;;;
2011;France;Caisse Régionale de Crédit Agric;;;;;;;;
2012;France;Caisse Régionale de Crédit Agric;;;;;;;;
2013;France;Caisse Régionale de Crédit Agric;;;;;;;;
2014;France;Caisse Régionale de Crédit Agric;;;;;;;;
2009;France;Caisse Régionale de Crédit Agric;;;;;;;;
2010;France;Caisse Régionale de Crédit Agric;;;;;;;;
2011;France;Caisse Régionale de Crédit Agric;;;;;;;;
2012;France;Caisse Régionale de Crédit Agric;;;;;;;;
2013;France;Caisse Régionale de Crédit Agric;;;;;;;;
2014;France;Caisse Régionale de Crédit Agric;;;;;;;;
2009;France;Caisse Régionale de Crédit Agric;;;;;;;;
2010;France;Caisse Régionale de Crédit Agric;;;;;;;;
2011;France;Caisse Régionale de Crédit Agric;;;;;;;;
2012;France;Caisse Régionale de Crédit Agric;;;;;;;;
2013;France;Caisse Régionale de Crédit Agric;;;;;;;;
2014;France;Caisse Régionale de Crédit Agric;;;;;;;;
2009;France;Caisse Régionale de Crédit Agric;;;;;;;;
2010;France;Caisse Régionale de Crédit Agric;;;;;;;;
2011;France;Caisse Régionale de Crédit Agric;;;;;;;;
2012;France;Caisse Régionale de Crédit Agric;;;;;;;;
2013;France;Caisse Régionale de Crédit Agric;;;;;;;;
2014;France;Caisse Régionale de Crédit Agric;;;;;;;;
2009;France;Caisse Régionale de Crédit Agric;;;;;;;;
2010;France;Caisse Régionale de Crédit Agric;;;;;;;;
2011;France;Caisse Régionale de Crédit Agric;;;;;;;;
2012;France;Caisse Régionale de Crédit Agric;;;;;;;;
2013;France;Caisse Régionale de Crédit Agric;;;;;;;;
2014;France;Caisse Régionale de Crédit Agric;;;;;;;;
2009;France;Caisse Régionale de Crédit Agric;;;;;;;;
2010;France;Caisse Régionale de Crédit Agric;;;;;;;;
2011;France;Caisse Régionale de Crédit Agric;;;;;;;;
2012;France;Caisse Régionale de Crédit Agric;;;;;;;;
2013;France;Caisse Régionale de Crédit Agric;;;;;;;;
2014;France;Caisse Régionale de Crédit Agric;;;;;;;;
2009;France;Caisse Régionale de Crédit Agric;;;;;;;;
2010;France;Caisse Régionale de Crédit Agric;;;;;;;;
2011;France;Caisse Régionale de Crédit Agric;;;;;;;;
2012;France;Caisse Régionale de Crédit Agric;;;;;;;;
2013;France;Caisse Régionale de Crédit Agric;;;;;;;;
2014;France;Caisse Régionale de Crédit Agric;;;;;;;;
2009;France;Caisse Régionale de Crédit Agric;;;;;;;;
2010;France;Caisse Régionale de Crédit Agric;;;;;;;;
2011;France;Caisse Régionale de Crédit Agric;;;;;;;;
2012;France;Caisse Régionale de Crédit Agric;;;;;;;;
2013;France;Caisse Régionale de Crédit Agric;;;;;;;;
2014;France;Caisse Régionale de Crédit Agric;;;;;;;;
2009;France;Caisse Régionale de Crédit Agric;;;;;;;;
2010;France;Caisse Régionale de Crédit Agric;;;;;;;;
2011;France;Caisse Régionale de Crédit Agric;;;;;;;;
2012;France;Caisse Régionale de Crédit Agric;;;;;;;;
2013;France;Caisse Régionale de Crédit Agric;;;;;;;;
2014;France;Caisse Régionale de Crédit Agric;;;;;;;;
2009;France;Caisse Régionale de Crédit Agric;;;;;;;;
2010;France;Caisse Régionale de Crédit Agric;;;;;;;;
2011;France;Caisse Régionale de Crédit Agric;;;;;;;;
2012;France;Caisse Régionale de Crédit Agric;;;;;;;;
2013;France;Caisse Régionale de Crédit Agric;;;;;;;;
2014;France;Caisse Régionale de Crédit Agric;;;;;;;;
2009;France;Caisse Régionale de Crédit Agric;;;;;;;;
2010;France;Caisse Régionale de Crédit Agric;;;;;;;;
2011;France;Caisse Régionale de Crédit Agric;;;;;;;;
2012;France;Caisse Régionale de Crédit Agric;;;;;;;;
2013;France;Caisse Régionale de Crédit Agric;;;;;;;;
2014;France;Caisse Régionale de Crédit Agric;;;;;;;;
2009;France;Caisse Régionale de Crédit Agric;;;;;;;;
2010;France;Caisse Régionale de Crédit Agric;;;;;;;;
2011;France;Caisse Régionale de Crédit Agric;;;;;;;;
2012;France;Caisse Régionale de Crédit Agric;;;;;;;;
2013;France;Caisse Régionale de Crédit Agric;;;;;;;;
2014;France;Caisse Régionale de Crédit Agric;;;;;;;;
2009;France;Caisse Régionale de Crédit Agric;;;;;;;;
2010;France;Caisse Régionale de Crédit Agric;;;;;;;;
2011;France;Caisse Régionale de Crédit Agric;;;;;;;;
2012;France;Caisse Régionale de Crédit Agric;;;;;;;;
2013;France;Caisse Régionale de Crédit Agric;;;;;;;;
2014;France;Caisse Régionale de Crédit Agric;;;;;;;;
2009;France;Caisse Régionale de Crédit Agric;;;;;;;;
2010;France;Caisse Régionale de Crédit Agric;;;;;;;;
2011;France;Caisse Régionale de Crédit Agric;;;;;;;;
2012;France;Caisse Régionale de Crédit Agric;;;;;;;;
2013;France;Caisse Régionale de Crédit Agric;;;;;;;;
2014;France;Caisse Régionale de Crédit Agric;;;;;;;;
2009;France;Caisse Régionale de Crédit Agric;;;;;;;;
2010;France;Caisse Régionale de Crédit Agric;;;;;;;;
2011;France;Caisse Régionale de Crédit Agric;;;;;;;;
2012;France;Caisse Régionale de Crédit Agric;;;;;;;;
2013;France;Caisse Régionale de Crédit Agric;;;;;;;;
2014;France;Caisse Régionale de Crédit Agric;;;;;;;;
2009;France;Caisse Régionale de Crédit Agric;;;;;;;;
2010;France;Caisse Régionale de Crédit Agric;;;;;;;;
2011;France;Caisse Régionale de Crédit Agric;;;;;;;;
2012;France;Caisse Régionale de Crédit Agric;;;;;;;;
2013;France;Caisse Régionale de Crédit Agric;;;;;;;;
2014;France;Caisse Régionale de Crédit Agric;;;;;;;;
2009;France;Caisse Régionale de Crédit Agric;;;;;;;;
2010;France;Caisse Régionale de Crédit Agric;;;;;;;;
2011;France;Caisse Régionale de Crédit Agric;;;;;;;;
2012;France;Caisse Régionale de Crédit Agric;;;;;;;;
2013;France;Caisse Régionale de Crédit Agric;;;;;;;;
2014;France;Caisse Régionale de Crédit Agric;;;;;;;;
2009;France;Caisse Régionale de Crédit Agric;;;;;;;;
2010;France;Caisse Régionale de Crédit Agric;;;;;;;;
2011;France;Caisse Régionale de Crédit Agric;;;;;;;;
2012;France;Caisse Régionale de Crédit Agric;;;;;;;;
2013;France;Caisse Régionale de Crédit Agric;;;;;;;;
2014;France;Caisse Régionale de Crédit Agric;;;;;;;;
2009;France;Caisse Régionale de Crédit Agric;;;;;;;;
2010;France;Caisse Régionale de Crédit Agric;;;;;;;;
2011;France;Caisse Régionale de Crédit Agric;;;;;;;;
2012;France;Caisse Régionale de Crédit Agric;;;;;;;;
2013;France;Caisse Régionale de Crédit Agric;;;;;;;;
2014;France;Caisse Régionale de Crédit Agric;;;;;;;;
2009;France;Caisse Régionale de Crédit Agric;;;;;;;;
2010;France;Caisse Régionale de Crédit Agric;;;;;;;;
2011;France;Caisse Régionale de Crédit Agric;;;;;;;;
2012;France;Caisse Régionale de Crédit Agric;;;;;;;;
2013;France;Caisse Régionale de Crédit Agric;;;;;;;;
2014;France;Caisse Régionale de Crédit Agric;;;;;;;;
2009;France;Caisse Régionale de Crédit Agric;;;;;;;;
2010;France;Caisse Régionale de Crédit Agric;;;;;;;;
2011;France;Caisse Régionale de Crédit Agric;;;;;;;;
2012;France;Caisse Régionale de Crédit Agric;;;;;;;;
2013;France;Caisse Régionale de Crédit Agric;;;;;;;;
2014;France;Caisse Régionale de Crédit Agric;;;;;;;;
2009;France;Caisse Régionale de Crédit Agric;;;;;;;;
2010;France;Caisse Régionale de Crédit Agric;;;;;;;;
2011;France;Caisse Régionale de Crédit Agric;;;;;;;;
2012;France;Caisse Régionale de Crédit Agric;;;;;;;;
2013;France;Caisse Régionale de Crédit Agric;;;;;;;;
2014;France;Caisse Régionale de Crédit Agric;;;;;;;;
2008;France;Caisse d'Epargne des Alpes;;;;;;;;
2009;France;Caisse d'Epargne des Alpes;;;;;;;;
2010;France;Caisse d'Epargne des Alpes;;;;;;;;
2011;France;Caisse d'Epargne des Alpes;;;;;;;;
2012;France;Caisse d'Epargne des Alpes;;;;;;;;
2013;France;Caisse d'Epargne des Alpes;;;;;;;;
2014;France;Caisse d'Epargne des Alpes;;;;;;;;
2015;France;Caisse d'Epargne des Alpes;;;;;;;;
2009;France;Caisse d'Epargne et de Prevoyanc;;;;;;;;
2010;France;Caisse d'Epargne et de Prevoyanc;;;;;;;;
2011;France;Caisse d'Epargne et de Prevoyanc;;;;;;;;
2012;France;Caisse d'Epargne et de Prevoyanc;;;;;;;;
2013;France;Caisse d'Epargne et de Prevoyanc;;;;;;;;
2014;France;Caisse d'Epargne et de Prevoyanc;;;;;;;;
2009;France;Caisse d'Epargne et de Prévoyanc;;;;;;;;
2010;France;Caisse d'Epargne et de Prévoyanc;;;;;;;;
2011;France;Caisse d'Epargne et de Prévoyanc;;;;;;;;
2012;France;Caisse d'Epargne et de Prévoyanc;;;;;;;;
2013;France;Caisse d'Epargne et de Prévoyanc;;;;;;;;
2014;France;Caisse d'Epargne et de Prévoyanc;;;;;;;;
2009;France;Caisse d'Epargne et de Prévoyanc;;;;;;;;
2010;France;Caisse d'Epargne et de Prévoyanc;;;;;;;;
2011;France;Caisse d'Epargne et de Prévoyanc;;;;;;;;
2012;France;Caisse d'Epargne et de Prévoyanc;;;;;;;;
2013;France;Caisse d'Epargne et de Prévoyanc;;;;;;;;
2014;France;Caisse d'Epargne et de Prévoyanc;;;;;;;;
2009;France;Caisse d'Epargne et de Prévoyanc;;;;;;;;
2010;France;Caisse d'Epargne et de Prévoyanc;;;;;;;;
2011;France;Caisse d'Epargne et de Prévoyanc;;;;;;;;
2012;France;Caisse d'Epargne et de Prévoyanc;;;;;;;;
2013;France;Caisse d'Epargne et de Prévoyanc;;;;;;;;
2014;France;Caisse d'Epargne et de Prévoyanc;;;;;;;;
2009;France;Caisse d'Epargne et de Prévoyanc;;;;;;;;
2010;France;Caisse d'Epargne et de Prévoyanc;;;;;;;;
2011;France;Caisse d'Epargne et de Prévoyanc;;;;;;;;
2012;France;Caisse d'Epargne et de Prévoyanc;;;;;;;;
2013;France;Caisse d'Epargne et de Prévoyanc;;;;;;;;
2014;France;Caisse d'Epargne et de Prévoyanc;;;;;;;;
2009;France;Caisse d'Épargne et de Prévoyanc;;;;;;;;
2010;France;Caisse d'Épargne et de Prévoyanc;;;;;;;;
2011;France;Caisse d'Épargne et de Prévoyanc;;;;;;;;
2012;France;Caisse d'Épargne et de Prévoyanc;;;;;;;;
2013;France;Caisse d'Épargne et de Prévoyanc;;;;;;;;
2014;France;Caisse d'Épargne et de Prévoyanc;;;;;;;;
2009;France;Caisse d’Epargne et de Prévoyanc;;;;;;;;
2010;France;Caisse d’Epargne et de Prévoyanc;;;;;;;;
2011;France;Caisse d’Epargne et de Prévoyanc;;;;;;;;
2012;France;Caisse d’Epargne et de Prévoyanc;;;;;;;;
2013;France;Caisse d’Epargne et de Prévoyanc;;;;;;;;
2014;France;Caisse d’Epargne et de Prévoyanc;;;;;;;;
2009;France;Caisse d’Epargne et de Prévoyanc;;;;;;;;
2010;France;Caisse d’Epargne et de Prévoyanc;;;;;;;;
2011;France;Caisse d’Epargne et de Prévoyanc;;;;;;;;
2012;France;Caisse d’Epargne et de Prévoyanc;;;;;;;;
2013;France;Caisse d’Epargne et de Prévoyanc;;;;;;;;
2014;France;Caisse d’Epargne et de Prévoyanc;;;;;;;;
2009;France;Caisse d’Epargne et de Prévoyanc;;;;;;;;
2010;France;Caisse d’Epargne et de Prévoyanc;;;;;;;;
2011;France;Caisse d’Epargne et de Prévoyanc;;;;;;;;
2012;France;Caisse d’Epargne et de Prévoyanc;;;;;;;;
2013;France;Caisse d’Epargne et de Prévoyanc;;;;;;;;
2014;France;Caisse d’Epargne et de Prévoyanc;;;;;;;;
2009;France;Compagnie de Financement Foncier;;;;;;;;
2010;France;Compagnie de Financement Foncier;;;;;;;;
2011;France;Compagnie de Financement Foncier;;;;;;;;
2012;France;Compagnie de Financement Foncier;;;;;;;;
2013;France;Compagnie de Financement Foncier;;;;;;;;
2014;France;Compagnie de Financement Foncier;;;;;;;;
2013;France;Credit Immobilier de France Ile;;;;;;;;
2009;France;Crédit Agricole Corporate and In;;;;;;;;
2010;France;Crédit Agricole Corporate and In;;;;;;;;
2011;France;Crédit Agricole Corporate and In;745401.6;745401.6;696201.07;696201.07;696201.07;745401.6;696201.07;
2012;France;Crédit Agricole Corporate and In;957573.46;1412610;642937.74;893040.51;1343100;706303.75;671548.46;
2013;France;Crédit Agricole Corporate and In;957573.46;1412610;642937.74;893040.51;1343100;706303.75;671548.46;
2014;France;Crédit Agricole Corporate and In;957573.46;1412610;642937.74;893040.51;1343100;706303.75;671548.46;
2009;France;Crédit Agricole Group;;;;;;;;
2010;France;Crédit Agricole Group;;;;;;;;
2011;France;Crédit Agricole Group;;;;;;;;
2012;France;Crédit Agricole Group;;;;;;;;
2013;France;Crédit Agricole Group;;;;;;;;
2014;France;Crédit Agricole Group;;;;;;;;
2008;France;Crédit Agricole SA;;3744130;;;3124410;748825.68;624882.95;
2009;France;Crédit Agricole SA;;4367850;;;4043870;873570.52;808773.28;
2010;France;Crédit Agricole SA;2395500;6734790;994958.35;2210130;6152320;962113.17;878902.24;0
2011;France;Crédit Agricole SA;1520450;3935760;1253160;1253160;3341770;983939.23;835441.28;0
2012;France;Crédit Agricole SA;1982680;5876630;1157290;1678070;5097830;1175330;1019570;0
2013;France;Crédit Agricole SA;2843180;8378940;1195480;2474650;7307060;1675790;1461410;0
2014;France;Crédit Agricole SA;2729300;8209170;1195640;2375740;7099970;1641830;1419990;0
2009;France;Crédit Industriel et Commercial;;;346873.68;;;;;
2010;France;Crédit Industriel et Commercial;;;346873.68;;;;;
2011;France;Crédit Industriel et Commercial;766536.87;766536.87;765821.17;765821.17;765821.17;153307.37;153164.23;
2012;France;Crédit Industriel et Commercial;707911.74;707911.74;707231.51;707231.51;707231.51;707911.74;707231.51;
2013;France;Crédit Industriel et Commercial;731287.43;731287.43;730572.8;730572.8;730572.8;731287.43;730572.8;
2014;France;Crédit Industriel et Commercial;731646.24;759434.22;730668.47;730668.47;758344.86;379717.11;379172.43;
2009;France;Crédit Lyonnais SA;;;;;;;;
2010;France;Crédit Lyonnais SA;;;;;;;;
2011;France;Crédit Lyonnais SA;623400.71;3286190;584808.9;584808.9;3076240;1095400;1025410;
2012;France;Crédit Lyonnais SA;827351.57;3441270;540067.7;790457.23;3240700;1147090;1080230;
2013;France;Crédit Lyonnais SA;827351.57;3441270;540067.7;790457.23;3240700;1147090;1080230;
2014;France;Crédit Lyonnais SA;;;;;;;;
2009;France;Crédit Mutuel Arkéa SACC;;;;;;;;
2010;France;Crédit Mutuel Arkéa SACC;;;;;;;;
2011;France;Crédit Mutuel Arkéa SACC;;;;;;;;
2012;France;Crédit Mutuel Arkéa SACC;;;;;;;;
2013;France;Crédit Mutuel Arkéa SACC;;;;;;;;
2014;France;Crédit Mutuel Arkéa SACC;;;;;;;;
2008;France;Crédit Mutuel Group;;;;;;;;
2009;France;Crédit Mutuel Group;;;;;;;;
2010;France;Crédit Mutuel Group;;;;;;;;
2011;France;Crédit Mutuel Group;;;;;;;;
2012;France;Crédit Mutuel Group;;;;;;;;
2013;France;Crédit Mutuel Group;;;;;;;;
2014;France;Crédit Mutuel Group;;;;;;;;
2009;France;Crédit du Nord SA;;;;;;;;
2010;France;Crédit du Nord SA;;;;;;;;
2011;France;Crédit du Nord SA;;;;;;;;
2012;France;Crédit du Nord SA;;;;;;;;
2013;France;Crédit du Nord SA;;;;;;;;
2014;France;Crédit du Nord SA;;;;;;;;
2009;France;Dexia Crédit Local SA;;;;;;;;
2010;France;Dexia Crédit Local SA;;;;;;;;
2011;France;Dexia Crédit Local SA;;;;;;;;
2012;France;Dexia Crédit Local SA;;;;;;;;
2013;France;Dexia Crédit Local SA;;;;;;;;
2014;France;Dexia Crédit Local SA;;;;;;;;
2009;France;HSBC France, SA;;;;;;;;
2010;France;HSBC France, SA;;;;;;;;
2011;France;HSBC France, SA;;;;;;;;
2012;France;HSBC France, SA;;;;;;;;
2013;France;HSBC France, SA;;;;;;;;
2014;France;HSBC France, SA;;;;;;;;
2009;France;La Banque Postale, SA;;;;;;;;
2010;France;La Banque Postale, SA;;;;;;;;
2011;France;La Banque Postale, SA;;1317350;;;1308170;658673.74;654085.08;
2012;France;La Banque Postale, SA;;1575280;;;1562430;787638.59;781213.71;
2013;France;La Banque Postale, SA;;1575280;;;1562430;787638.59;781213.71;
2014;France;La Banque Postale, SA;;1575280;;;1562430;787638.59;781213.71;
2008;France;Société Générale SA;2339470;4945680;1563080;1563080;3220040;989135.18;644008.92;767657,1826
2009;France;Société Générale SA;1557000;4200840;1185270;1549290;4136330;840167.07;827266.02;0
2010;France;Société Générale SA;1533460;4742340;1127620;1127620;4302380;1185590;1075600;0
2011;France;Société Générale SA;2511260;6483350;1392400;1810120;4594930;1620840;1148730;0
2012;France;Société Générale SA;4318400;10735940;1285880;2821980;7010940;2683990;1752740;0
2013;France;Société Générale SA;4604360;11255550;1328310;3196020;8548860;2813890;2137220;0
2014;France;Société Générale SA;4125210;9918300;1461340;2987460;7314300;2479570;1828570;0
2009;Germany;Aareal Bank AG;;;697218.35;;;;;
2010;Germany;Aareal Bank AG;;;663305.57;;;;;
2011;Germany;Aareal Bank AG;4736440;13318740;1113920;3916130;10142430;3329680;2535610;
2012;Germany;Aareal Bank AG;3569620;9885580;1414460;2475310;6879430;2471400;1719860;
2013;Germany;Aareal Bank AG;3908900;10955900;1461150;2666590;7713620;2191180;1542720;
2014;Germany;Aareal Bank AG;5273910;14566220;1793460;3003310;8582430;2913240;1716490;
2009;Germany;Bausparkasse Mainz AG;;;;;;;;
2010;Germany;Bausparkasse Mainz AG;;;;;;;;
2011;Germany;Bausparkasse Mainz AG;;;;;;;;
2012;Germany;Bausparkasse Mainz AG;;;;;;;;
2013;Germany;Bausparkasse Mainz AG;;;;;;;;
2014;Germany;Bausparkasse Mainz AG;;;;;;;;
2009;Germany;Bausparkasse Schwäbisch Hall AG;;;;;;;;
2010;Germany;Bausparkasse Schwäbisch Hall AG;;;;;;;;
2011;Germany;Bausparkasse Schwäbisch Hall AG;;;;;;;;
2012;Germany;Bausparkasse Schwäbisch Hall AG;;;;;;;;
2013;Germany;Bausparkasse Schwäbisch Hall AG;;;;;;;;
2014;Germany;Bausparkasse Schwäbisch Hall AG;;;;;;;;
2008;Germany;Bayerische Landesbank AöR;;;;;;;;
2009;Germany;Bayerische Landesbank AöR;;;;;;;;
2010;Germany;Bayerische Landesbank AöR;;;;;;;;
2011;Germany;Bayerische Landesbank AöR;;;;;;;;
2012;Germany;Bayerische Landesbank AöR;;;;;;;;
2013;Germany;Bayerische Landesbank AöR;;;;;;;;
2014;Germany;Bayerische Landesbank AöR;;;;;;;;
2009;Germany;Berlin Hyp AG;;;;;;;;
2010;Germany;Berlin Hyp AG;;;;;;;;
2011;Germany;Berlin Hyp AG;;1118100;;;1073540;279524.73;268385.51;
2012;Germany;Berlin Hyp AG;;531066.57;;;483489.18;177022.19;161163.06;
2013;Germany;Berlin Hyp AG;;531066.57;;;483489.18;177022.19;161163.06;
2014;Germany;Berlin Hyp AG;;531066.57;;;483489.18;177022.19;161163.06;
2009;Germany;Berliner Volksbank eG;;;;;;;;
2010;Germany;Berliner Volksbank eG;;;;;;;;
2011;Germany;Berliner Volksbank eG;;;;;;;;
2012;Germany;Berliner Volksbank eG;;;;;;;;
2013;Germany;Berliner Volksbank eG;;;;;;;;
2014;Germany;Berliner Volksbank eG;;;;;;;;
2009;Germany;Commerzbank AG;797617.79;8195100;697218.35;697218.35;5772970;745009.49;524815.26;
2010;Germany;Commerzbank AG;815865.85;6977970;663305.57;663305.57;6073230;697797.46;607322.58;
2011;Germany;Commerzbank AG;792276.81;7270780;696201.07;696201.07;6364730;660979.9;578612.27;
2012;Germany;Commerzbank AG;1789940;16564650;1688350;1688350;10945370;1656460;1094540;
2013;Germany;Commerzbank AG;1834400;16145630;1744080;1744080;10548710;1793960;1172080;
2014;Germany;Commerzbank AG;3552380;14265720;1744300;2436450;8158220;2037960;1165460;
2015;Germany;Commerzbank AG;2729510;17309470;1457440;1819300;8146350;2472780;1163760;
2009;Germany;DVB Bank SE;;;;;;;;
2010;Germany;DVB Bank SE;;;;;;;;
2011;Germany;DVB Bank SE;;;;;;;;
2012;Germany;DVB Bank SE;;;;;;;;
2013;Germany;DVB Bank SE;;;;;;;;
2014;Germany;DVB Bank SE;;;;;;;;
2009;Germany;DZ BANK AG Deutsche Zentral-Geno;;;1452.0226;;;;;
2010;Germany;DZ BANK AG Deutsche Zentral-Geno;;;1452.0226;;;;;
2011;Germany;DZ BANK AG Deutsche Zentral-Geno;;;1452.0226;;;;;
2012;Germany;DZ BANK AG Deutsche Zentral-Geno;;;1452.0226;;;;;
2013;Germany;DZ BANK AG Deutsche Zentral-Geno;;;1452.0226;;;;;
2014;Germany;DZ BANK AG Deutsche Zentral-Geno;;;1452.0226;;;;;
2009;Germany;DekaBank Deutsche Girozentrale;;;;;;;;
2010;Germany;DekaBank Deutsche Girozentrale;;;;;;;;
2011;Germany;DekaBank Deutsche Girozentrale;;;;;;;;
2012;Germany;DekaBank Deutsche Girozentrale;;;;;;;;
2013;Germany;DekaBank Deutsche Girozentrale;;;;;;;;
2014;Germany;DekaBank Deutsche Girozentrale;;;;;;;;
2009;Germany;Deutsche Apotheker- und Ärzteban;;;;;;;;
2010;Germany;Deutsche Apotheker- und Ärzteban;;;;;;;;
2011;Germany;Deutsche Apotheker- und Ärzteban;;;;;;;;
2012;Germany;Deutsche Apotheker- und Ärzteban;;;;;;;;
2013;Germany;Deutsche Apotheker- und Ärzteban;;;;;;;;
2014;Germany;Deutsche Apotheker- und Ärzteban;;;;;;;;
2009;Germany;Deutsche Kreditbank AG;;;;;;;;
2010;Germany;Deutsche Kreditbank AG;;;;;;;;
2011;Germany;Deutsche Kreditbank AG;;;;;;;;
2012;Germany;Deutsche Kreditbank AG;;;;;;;;
2013;Germany;Deutsche Kreditbank AG;;;;;;;;
2014;Germany;Deutsche Kreditbank AG;;;;;;;;
2009;Germany;Deutsche Pfandbriefbank AG;;;;;;;;
2010;Germany;Deutsche Pfandbriefbank AG;;1326610;663305.57;;1326610;221101.86;221101.86;
2011;Germany;Deutsche Pfandbriefbank AG;;1326610;663305.57;;1326610;221101.86;221101.86;
2012;Germany;Deutsche Pfandbriefbank AG;662225.87;2705480;642937.74;642937.74;2571750;676370.5;642937.74;
2013;Germany;Deutsche Pfandbriefbank AG;686738.43;2754920;664157.09;664157.09;2656630;688730.9;664157.09;
2014;Germany;Deutsche Pfandbriefbank AG;1070760;3513850;1021610;1021610;3379670;501978.73;482810.54;
2009;Germany;Die Sparkasse Bremen AG;;;;;;;;
2010;Germany;Die Sparkasse Bremen AG;;;;;;;;
2011;Germany;Die Sparkasse Bremen AG;;;;;;;;
2012;Germany;Die Sparkasse Bremen AG;;;;;;;;
2013;Germany;Die Sparkasse Bremen AG;;;;;;;;
2014;Germany;Die Sparkasse Bremen AG;;;;;;;;
2009;Germany;HSBC Trinkaus & Burkhardt AG;;;;;;;;
2010;Germany;HSBC Trinkaus & Burkhardt AG;;;;;;;;
2011;Germany;HSBC Trinkaus & Burkhardt AG;;;;;;;;
2012;Germany;HSBC Trinkaus & Burkhardt AG;;;;;;;;
2013;Germany;HSBC Trinkaus & Burkhardt AG;;;;;;;;
2014;Germany;HSBC Trinkaus & Burkhardt AG;;;;;;;;
2009;Germany;Hamburg Commercial Bank AG;;;;;;;;
2010;Germany;Hamburg Commercial Bank AG;;;;;;;;
2011;Germany;Hamburg Commercial Bank AG;;;;;;;;
2012;Germany;Hamburg Commercial Bank AG;;;;;;;;
2013;Germany;Hamburg Commercial Bank AG;;;;;;;;
2014;Germany;Hamburg Commercial Bank AG;;;;;;;;
2015;Germany;Hamburg Commercial Bank AG;;;;;;;;
2016;Germany;Hamburg Commercial Bank AG;;;;;;;;
2017;Germany;Hamburg Commercial Bank AG;;;;;;;;
2009;Germany;Hypo Real Estate Holding GmbH;;;1419410;;;;;
2010;Germany;Hypo Real Estate Holding GmbH;;;1419410;;;;;
2011;Germany;Hypo Real Estate Holding GmbH;715694.7;2933790;696201.07;696201.07;2784800;733447.82;696201.07;
2012;Germany;Hypo Real Estate Holding GmbH;662225.87;2705480;642937.74;642937.74;2571750;676370.5;642937.74;
2013;Germany;Hypo Real Estate Holding GmbH;662225.87;2705480;642937.74;642937.74;2571750;676370.5;642937.74;
2014;Germany;Hypo Real Estate Holding GmbH;662225.87;2705480;642937.74;642937.74;2571750;676370.5;642937.74;
2007;Germany;IKB Deutsche Industriebank AG;;;;;;;;
2008;Germany;IKB Deutsche Industriebank AG;;;;;;;;
2009;Germany;IKB Deutsche Industriebank AG;;;;;;;;
2010;Germany;IKB Deutsche Industriebank AG;;;;;;;;
2011;Germany;IKB Deutsche Industriebank AG;;;;;;;;
2012;Germany;IKB Deutsche Industriebank AG;;6284720;;;5130640;1571180;1282660;
2013;Germany;IKB Deutsche Industriebank AG;;6284720;;;5130640;1571180;1282660;
2014;Germany;IKB Deutsche Industriebank AG;;6284720;;;5130640;1571180;1282660;
2009;Germany;ING-DiBa AG;;;;;;;;
2010;Germany;ING-DiBa AG;;;;;;;;
2011;Germany;ING-DiBa AG;;;;;;;;
2012;Germany;ING-DiBa AG;;;;;;;;
2013;Germany;ING-DiBa AG;;;;;;;;
2014;Germany;ING-DiBa AG;;;;;;;;
2009;Germany;Kreissparkasse Biberach;;;;;;;;
2010;Germany;Kreissparkasse Biberach;;;;;;;;
2011;Germany;Kreissparkasse Biberach;;;;;;;;
2012;Germany;Kreissparkasse Biberach;;;;;;;;
2013;Germany;Kreissparkasse Biberach;;;;;;;;
2014;Germany;Kreissparkasse Biberach;;;;;;;;
2009;Germany;Kreissparkasse Heilbronn;;;;;;;;
2010;Germany;Kreissparkasse Heilbronn;;;;;;;;
2011;Germany;Kreissparkasse Heilbronn;;;;;;;;
2012;Germany;Kreissparkasse Heilbronn;;;;;;;;
2013;Germany;Kreissparkasse Heilbronn;;;;;;;;
2014;Germany;Kreissparkasse Heilbronn;;;;;;;;
2009;Germany;Kreissparkasse Köln;;;;;;;;
2010;Germany;Kreissparkasse Köln;;;;;;;;
2011;Germany;Kreissparkasse Köln;;;;;;;;
2012;Germany;Kreissparkasse Köln;;;;;;;;
2013;Germany;Kreissparkasse Köln;;;;;;;;
2014;Germany;Kreissparkasse Köln;;;;;;;;
2009;Germany;Kreissparkasse Ludwigsburg;;;;;;;;
2010;Germany;Kreissparkasse Ludwigsburg;;;;;;;;
2011;Germany;Kreissparkasse Ludwigsburg;;;;;;;;
2012;Germany;Kreissparkasse Ludwigsburg;;;;;;;;
2013;Germany;Kreissparkasse Ludwigsburg;;;;;;;;
2014;Germany;Kreissparkasse Ludwigsburg;;;;;;;;
2009;Germany;LBS Landesbausparkasse Südwest;;;;;;;;
2010;Germany;LBS Landesbausparkasse Südwest;;;;;;;;
2011;Germany;LBS Landesbausparkasse Südwest;;;;;;;;
2012;Germany;LBS Landesbausparkasse Südwest;;;;;;;;
2013;Germany;LBS Landesbausparkasse Südwest;;;;;;;;
2014;Germany;LBS Landesbausparkasse Südwest;;;;;;;;
2009;Germany;LBS Westdeutsche Landesbausparka;;;;;;;;
2010;Germany;LBS Westdeutsche Landesbausparka;;;;;;;;
2011;Germany;LBS Westdeutsche Landesbausparka;;;;;;;;
2012;Germany;LBS Westdeutsche Landesbausparka;;;;;;;;
2013;Germany;LBS Westdeutsche Landesbausparka;;;;;;;;
2014;Germany;LBS Westdeutsche Landesbausparka;;;;;;;;
2009;Germany;Landesbank Baden-Württemberg;;;;;;;;
2010;Germany;Landesbank Baden-Württemberg;;;;;;;;
2011;Germany;Landesbank Baden-Württemberg;;;;;;;;
2012;Germany;Landesbank Baden-Württemberg;;;;;;;;
2013;Germany;Landesbank Baden-Württemberg;;;;;;;;
2014;Germany;Landesbank Baden-Württemberg;;;;;;;;
2015;Germany;Landesbank Baden-Württemberg;;;;;;;;
2009;Germany;Landesbank Hessen-Thüringen Giro;;;;;;;;
2010;Germany;Landesbank Hessen-Thüringen Giro;;;;;;;;
2011;Germany;Landesbank Hessen-Thüringen Giro;;;;;;;;
2012;Germany;Landesbank Hessen-Thüringen Giro;;;;;;;;
2013;Germany;Landesbank Hessen-Thüringen Giro;;;;;;;;
2014;Germany;Landesbank Hessen-Thüringen Giro;;;;;;;;
2009;Germany;Landesbank Saar;;;;;;;;
2010;Germany;Landesbank Saar;;;;;;;;
2011;Germany;Landesbank Saar;;;;;;;;
2012;Germany;Landesbank Saar;;;;;;;;
2013;Germany;Landesbank Saar;;;;;;;;
2014;Germany;Landesbank Saar;;;;;;;;
2009;Germany;Münchener Hypothekenbank eG;;;;;;;;
2010;Germany;Münchener Hypothekenbank eG;;;;;;;;
2011;Germany;Münchener Hypothekenbank eG;;;;;;;;
2012;Germany;Münchener Hypothekenbank eG;;;;;;;;
2013;Germany;Münchener Hypothekenbank eG;;;;;;;;
2014;Germany;Münchener Hypothekenbank eG;;;;;;;;
2009;Germany;Nassauische Sparkasse;;;;;;;;
2010;Germany;Nassauische Sparkasse;;;;;;;;
2011;Germany;Nassauische Sparkasse;;;;;;;;
2012;Germany;Nassauische Sparkasse;;;;;;;;
2013;Germany;Nassauische Sparkasse;;;;;;;;
2014;Germany;Nassauische Sparkasse;;;;;;;;
2009;Germany;National-Bank AG;;;;;;;;
2010;Germany;National-Bank AG;;;;;;;;
2011;Germany;National-Bank AG;;;;;;;;
2012;Germany;National-Bank AG;;;;;;;;
2013;Germany;National-Bank AG;;;;;;;;
2014;Germany;National-Bank AG;;;;;;;;
2008;Germany;Norddeutsche Landesbank Girozent;;;;;;;;
2009;Germany;Norddeutsche Landesbank Girozent;;;;;;;;
2010;Germany;Norddeutsche Landesbank Girozent;;;;;;;;
2011;Germany;Norddeutsche Landesbank Girozent;;;;;;;;
2012;Germany;Norddeutsche Landesbank Girozent;;;;;;;;
2013;Germany;Norddeutsche Landesbank Girozent;;;;;;;;
2014;Germany;Norddeutsche Landesbank Girozent;;;;;;;;
2009;Germany;Oldenburgische Landesbank AG;;;;;;;;
2010;Germany;Oldenburgische Landesbank AG;;;;;;;;
2011;Germany;Oldenburgische Landesbank AG;;2548650;;;1503100;509730.57;300619.62;
2012;Germany;Oldenburgische Landesbank AG;;4168290;;;2253750;833658.79;450750.79;
2013;Germany;Oldenburgische Landesbank AG;;3551120;;;2320300;887778.78;580074.8;
2014;Germany;Oldenburgische Landesbank AG;;3551120;;;2320300;887778.78;580074.8;
2009;Germany;Portigon AG;;;;;;;;
2010;Germany;Portigon AG;;;;;;;;
2011;Germany;Portigon AG;;;;;;;;
2012;Germany;Portigon AG;;;;;;;;
2013;Germany;Portigon AG;;;;;;;;
2014;Germany;Portigon AG;;;;;;;;
2009;Germany;ProCredit Holding AG & Co. KGaA;;;;;;;;
2010;Germany;ProCredit Holding AG & Co. KGaA;;;;;;;;
2011;Germany;ProCredit Holding AG & Co. KGaA;;;;;;;;
2012;Germany;ProCredit Holding AG & Co. KGaA;;;;;;;;
2013;Germany;ProCredit Holding AG & Co. KGaA;;;;;;;;
2014;Germany;ProCredit Holding AG & Co. KGaA;;;;;;;;
2008;Germany;Sachsen-Finanzgruppe;;;;;;;;
2009;Germany;Sachsen-Finanzgruppe;;;;;;;;
2010;Germany;Sachsen-Finanzgruppe;;;;;;;;
2011;Germany;Sachsen-Finanzgruppe;;;;;;;;
2012;Germany;Sachsen-Finanzgruppe;;;;;;;;
2013;Germany;Sachsen-Finanzgruppe;;;;;;;;
2014;Germany;Sachsen-Finanzgruppe;;;;;;;;
2009;Germany;SdB – Sicherungseinrichtungsgese;;;;;;;;
2009;Germany;Sparda-Bank Baden-Württemberg eG;;;;;;;;
2010;Germany;Sparda-Bank Baden-Württemberg eG;;;;;;;;
2011;Germany;Sparda-Bank Baden-Württemberg eG;;;;;;;;
2012;Germany;Sparda-Bank Baden-Württemberg eG;;;;;;;;
2013;Germany;Sparda-Bank Baden-Württemberg eG;;;;;;;;
2014;Germany;Sparda-Bank Baden-Württemberg eG;;;;;;;;
2009;Germany;Sparda-Bank Südwest eG;;;;;;;;
2010;Germany;Sparda-Bank Südwest eG;;;;;;;;
2011;Germany;Sparda-Bank Südwest eG;;;;;;;;
2012;Germany;Sparda-Bank Südwest eG;;;;;;;;
2013;Germany;Sparda-Bank Südwest eG;;;;;;;;
2014;Germany;Sparda-Bank Südwest eG;;;;;;;;
2009;Germany;Sparkasse Essen;;;;;;;;
2010;Germany;Sparkasse Essen;;;;;;;;
2011;Germany;Sparkasse Essen;;;;;;;;
2012;Germany;Sparkasse Essen;;;;;;;;
2013;Germany;Sparkasse Essen;;;;;;;;
2014;Germany;Sparkasse Essen;;;;;;;;
2009;Germany;Sparkasse Krefeld;;;;;;;;
2010;Germany;Sparkasse Krefeld;;;;;;;;
2011;Germany;Sparkasse Krefeld;;;;;;;;
2012;Germany;Sparkasse Krefeld;;;;;;;;
2013;Germany;Sparkasse Krefeld;;;;;;;;
2014;Germany;Sparkasse Krefeld;;;;;;;;
2008;Germany;Sparkasse KölnBonn;;;;;;;;
2009;Germany;Sparkasse KölnBonn;;;;;;;;
2011;Germany;Sparkasse KölnBonn;;;;;;;;
2012;Germany;Sparkasse KölnBonn;;;;;;;;
2013;Germany;Sparkasse KölnBonn;;;;;;;;
2014;Germany;Sparkasse KölnBonn;;;;;;;;
2009;Germany;Sparkasse Münsterland Ost;;;;;;;;
2010;Germany;Sparkasse Münsterland Ost;;;;;;;;
2011;Germany;Sparkasse Münsterland Ost;;;;;;;;
2012;Germany;Sparkasse Münsterland Ost;;;;;;;;
2013;Germany;Sparkasse Münsterland Ost;;;;;;;;
2014;Germany;Sparkasse Münsterland Ost;;;;;;;;
2009;Germany;Sparkasse Nürnberg;;;;;;;;
2010;Germany;Sparkasse Nürnberg;;;;;;;;
2011;Germany;Sparkasse Nürnberg;;;;;;;;
2012;Germany;Sparkasse Nürnberg;;;;;;;;
2013;Germany;Sparkasse Nürnberg;;;;;;;;
2014;Germany;Sparkasse Nürnberg;;;;;;;;
2009;Germany;UmweltBank AG;;;;;;;;
2010;Germany;UmweltBank AG;;;;;;;;
2011;Germany;UmweltBank AG;;;;;;;;
2012;Germany;UmweltBank AG;;;;;;;;
2013;Germany;UmweltBank AG;;;;;;;;
2014;Germany;UmweltBank AG;;;;;;;;
2009;Germany;UniCredit Bank AG;;;;;;;;
2010;Germany;UniCredit Bank AG;;;;;;;;
2011;Germany;UniCredit Bank AG;;;;;;;;
2012;Germany;UniCredit Bank AG;;324683.56;;;289321.98;108227.85;96440.66;
2013;Germany;UniCredit Bank AG;;324683.56;;;289321.98;108227.85;96440.66;
2014;Germany;UniCredit Bank AG;;324683.56;;;289321.98;108227.85;96440.66;
2009;Germany;Volkswagen Bank GmbH;;;;;;;;
2010;Germany;Volkswagen Bank GmbH;;;;;;;;
2011;Germany;Volkswagen Bank GmbH;;;;;;;;
2012;Germany;Volkswagen Bank GmbH;;;;;;;;
2013;Germany;Volkswagen Bank GmbH;;;;;;;;
2014;Germany;Volkswagen Bank GmbH;;;;;;;;
2009;Germany;Westdeutsche Landesbank Girozent;;;;;;;;
2010;Germany;Westdeutsche Landesbank Girozent;;;;;;;;
2011;Germany;Westdeutsche Landesbank Girozent;;;;;;;;
2012;Germany;Westdeutsche Landesbank Girozent;;;;;;;;
2013;Germany;Westdeutsche Landesbank Girozent;;;;;;;;
2014;Germany;Westdeutsche Landesbank Girozent;;;;;;;;
2015;Germany;Westdeutsche Landesbank Girozent;;;;;;;;
2009;Germany;comdirect bank AG;;;;;;;;
2010;Germany;comdirect bank AG;;;;;;;;
2011;Germany;comdirect bank AG;;;;;;;;
2012;Germany;comdirect bank AG;;;;;;;;
2013;Germany;comdirect bank AG;;;;;;;;
2014;Germany;comdirect bank AG;;;;;;;;
2011;Greece;ATEbank SA;;;;;;;;
2013;Greece;ATEbank SA;;;;;;;;
2009;Greece;Alpha Bank AE;;;;;;;;
2012;Greece;Alpha Bank AE;;;;;;;;
2013;Greece;Alpha Bank AE;;;;;;;;
2014;Greece;Alpha Bank AE;;;;;;;;
2015;Greece;Alpha Bank AE;;;;;;;;
2016;Greece;Alpha Bank AE;;;;;;;;
2017;Greece;Alpha Bank AE;;;;;;;;
2018;Greece;Alpha Bank AE;;;;;;;;
2012;Greece;Attica Bank SA;;;;;;;;
2013;Greece;Attica Bank SA;;;;;;;;
2014;Greece;Attica Bank SA;;;;;;;;
2015;Greece;Attica Bank SA;;;;;;;;
2016;Greece;Attica Bank SA;;;;;;;;
2017;Greece;Attica Bank SA;;;;;;;;
2012;Greece;Emporiki Bank of Greece SA;;;;;;;;
2013;Greece;Emporiki Bank of Greece SA;;;;;;;;
2014;Greece;Emporiki Bank of Greece SA;;;;;;;;
2015;Greece;Emporiki Bank of Greece SA;;;;;;;;
2016;Greece;Emporiki Bank of Greece SA;;;;;;;;
2017;Greece;Emporiki Bank of Greece SA;;;;;;;;
2009;Greece;Eurobank Ergasias SA;;;;;;;;
2012;Greece;Eurobank Ergasias SA;;;;;;;;
2013;Greece;Eurobank Ergasias SA;;;;;;;;
2014;Greece;Eurobank Ergasias SA;;;;;;;;
2015;Greece;Eurobank Ergasias SA;;;;;;;;
2016;Greece;Eurobank Ergasias SA;;;;;;;;
2017;Greece;Eurobank Ergasias SA;;;;;;;;
2013;Greece;FBB;;;;;;;;
2012;Greece;GENIKI Bank of Greece SA;;;;;;;;
2013;Greece;GENIKI Bank of Greece SA;;;;;;;;
2014;Greece;GENIKI Bank of Greece SA;;;;;;;;
2015;Greece;GENIKI Bank of Greece SA;;;;;;;;
2016;Greece;GENIKI Bank of Greece SA;;;;;;;;
2017;Greece;GENIKI Bank of Greece SA;;;;;;;;
2009;Greece;Hellenic Postbank;;;;;;;;
2013;Greece;Hellenic Postbank;;;;;;;;
2012;Greece;Millennium Bank SA;;;;;;;;
2013;Greece;Millennium Bank SA;;;;;;;;
2014;Greece;Millennium Bank SA;;;;;;;;
2015;Greece;Millennium Bank SA;;;;;;;;
2016;Greece;Millennium Bank SA;;;;;;;;
2017;Greece;Millennium Bank SA;;;;;;;;
2009;Greece;National Bank of Greece SA;;;;;;;;
2011;Greece;National Bank of Greece SA;519278.27;2244750;519278.27;519278.27;2244750;374125.46;374125.46;
2012;Greece;National Bank of Greece SA;660309.91;1351510;660309.91;660309.91;1351510;270301.31;270301.31;
2013;Greece;National Bank of Greece SA;354837.88;702722.03;354837.88;354837.88;702722.03;351361.02;351361.02;
2014;Greece;National Bank of Greece SA;354837.88;702722.03;354837.88;354837.88;702722.03;351361.02;351361.02;
2015;Greece;National Bank of Greece SA;381698.6;1072900;381698.6;381698.6;1072900;214579.95;214579.95;
2016;Greece;National Bank of Greece SA;318414.19;911558.54;318414.19;318414.19;911558.54;303852.85;303852.85;
2017;Greece;National Bank of Greece SA;339288.5;972641.34;339288.5;339288.5;972641.34;324213.78;324213.78;
2018;Greece;National Bank of Greece SA;496116.71;970580.47;496116.71;496116.71;970580.47;194116.09;194116.09;
2009;Greece;Piraeus Bank SA;;;;;;;;
2010;Greece;Piraeus Bank SA;;;;;;;;
2011;Greece;Piraeus Bank SA;;;;;;;;
2012;Greece;Piraeus Bank SA;;;;;;;;
2013;Greece;Piraeus Bank SA;;;;;;;;
2014;Greece;Piraeus Bank SA;;;;;;;;
2015;Greece;Piraeus Bank SA;;;;;;;;
2016;Greece;Piraeus Bank SA;;;;;;;;
2017;Greece;Piraeus Bank SA;;;;;;;;
2012;Greece;Proton Bank SA;;;;;;;;
2013;Greece;Proton Bank SA;;;;;;;;
2014;Greece;Proton Bank SA;;;;;;;;
2015;Greece;Proton Bank SA;;;;;;;;
2016;Greece;Proton Bank SA;;;;;;;;
2017;Greece;Proton Bank SA;;;;;;;;
2011;Greece;T Bank SA;;;;;;;;
2009;Hungary;Takarék Jelzálogbank Nyrt.;;;;;;;;
2010;Hungary;Takarék Jelzálogbank Nyrt.;;;;;;;;
2009;Iceland;Arion banki hf.;;;;;;;;
2010;Iceland;Arion banki hf.;;;;;;;;
2011;Iceland;Arion banki hf.;37100000;37100000;37100000;37100000;37100000;37100000;37100000;
2012;Iceland;Arion banki hf.;44500000;44500000;44500000;44500000;44500000;44500000;44500000;
2013;Iceland;Arion banki hf.;44500000;44500000;50700000;44500000;44500000;44500000;44500000;
2014;Iceland;Arion banki hf.;44500000;44500000;52200000;44500000;44500000;44500000;44500000;
2008;Iceland;Kaupthing ehf.;;;;;;;;
2008;Iceland;Landsbankinn hf.;;;;;;;;
2009;Iceland;Landsbankinn hf.;;;;;;;;
2010;Iceland;Landsbankinn hf.;;;;;;;;
2011;Iceland;Landsbankinn hf.;;;;;;;;
2012;Iceland;Landsbankinn hf.;;;;;;;;
2013;Iceland;Landsbankinn hf.;;;;;;;;
2014;Iceland;Landsbankinn hf.;;;;;;;;
2009;Iceland;Íbúðalánasjóður;;;;;;;;
2010;Iceland;Íbúðalánasjóður;;;;;;;;
2011;Iceland;Íbúðalánasjóður;;;;;;;;
2012;Iceland;Íbúðalánasjóður;;;;;;;;
2013;Iceland;Íbúðalánasjóður;;;;;;;;
2014;Iceland;Íbúðalánasjóður;;;;;;;;
2008;Iceland;Íslandsbanki hf.;;;;;;;;
2009;Iceland;Íslandsbanki hf.;;;;;;;;
2010;Iceland;Íslandsbanki hf.;;;;;;;;
2011;Iceland;Íslandsbanki hf.;;;;;;;;
2012;Iceland;Íslandsbanki hf.;;;;;;;;
2013;Iceland;Íslandsbanki hf.;;;;;;;;
2014;Iceland;Íslandsbanki hf.;;;;;;;;
2010;Ireland;AIB Group Plc;;;;;;;;
2011;Ireland;AIB Group Plc;;1235060;;;987213.11;411686.9;329071.04;
2012;Ireland;AIB Group Plc;;1413180;;;1123860;706588.57;561927.58;
2013;Ireland;AIB Group Plc;;1300420;;;1044050;650209.79;522027.47;
2014;Ireland;AIB Group Plc;;1854570;;;1515800;618189.81;505268.32;
2015;Ireland;AIB Group Plc;;1514050;;;1227670;504683.83;409223.11;
2016;Ireland;AIB Group Plc;;1317130;;;1070310;658565.61;535153.73;
2009;Ireland;Anglo Irish Bank;;;;;;;;
2009;Ireland;Bank of Ireland Group Plc;;;;;;;;
2010;Ireland;Bank of Ireland Group Plc;;;;;;;;
2011;Ireland;Bank of Ireland Group Plc;;;;;;;;
2012;Ireland;Bank of Ireland Group Plc;;;;;;;;
2013;Ireland;Bank of Ireland Group Plc;;;;;;;;
2014;Ireland;Bank of Ireland Group Plc;;;;;;;;
2015;Ireland;Bank of Ireland Group Plc;1085590;2346560;765905.82;765905.82;1812640;469311.56;362528.75;
2017;Ireland;Bank of Ireland Group Plc;1367300;2687130;1048640;1048640;2165070;537426.09;433014.46;
2010;Ireland;Bank of Ireland Mortgage Bank;;;;;;;;
2011;Ireland;Bank of Ireland Mortgage Bank;;;;;;;;
2012;Ireland;Bank of Ireland Mortgage Bank;;;;;;;;
2013;Ireland;Bank of Ireland Mortgage Bank;;;;;;;;
2014;Ireland;Bank of Ireland Mortgage Bank;;;;;;;;
2015;Ireland;Bank of Ireland Mortgage Bank;;;;;;;;
2010;Ireland;EBS DAC;;;;;;;;
2011;Ireland;EBS DAC;;;;;;;;
2012;Ireland;EBS DAC;;;;;;;;
2013;Ireland;EBS DAC;;;;;;;;
2014;Ireland;EBS DAC;;;;;;;;
2015;Ireland;EBS DAC;;;;;;;;
2016;Ireland;EBS DAC;;;;;;;;
2017;Ireland;EBS DAC;;;;;;;;
2010;Ireland;Governor and Company of the Bank;;;;;;;;
2011;Ireland;Governor and Company of the Bank;;;;;;;;
2012;Ireland;Governor and Company of the Bank;;;;;;;;
2013;Ireland;Governor and Company of the Bank;;;;;;;;
2014;Ireland;Governor and Company of the Bank;;;;;;;;
2015;Ireland;Governor and Company of the Bank;;;;;;;;
2010;Ireland;Intesa Sanpaolo Bank Ireland Plc;;;;;;;;
2011;Ireland;Intesa Sanpaolo Bank Ireland Plc;;;;;;;;
2012;Ireland;Intesa Sanpaolo Bank Ireland Plc;;;;;;;;
2013;Ireland;Intesa Sanpaolo Bank Ireland Plc;;;;;;;;
2014;Ireland;Intesa Sanpaolo Bank Ireland Plc;;;;;;;;
2015;Ireland;Intesa Sanpaolo Bank Ireland Plc;;;;;;;;
2010;Ireland;Irish Nationwide Building Societ;;;;;;;;
2011;Ireland;Irish Nationwide Building Societ;;;;;;;;
2012;Ireland;Irish Nationwide Building Societ;;;;;;;;
2013;Ireland;Irish Nationwide Building Societ;;;;;;;;
2014;Ireland;Irish Nationwide Building Societ;;;;;;;;
2015;Ireland;Irish Nationwide Building Societ;;;;;;;;
2010;Ireland;KBC Bank Ireland Plc;;;;;;;;
2011;Ireland;KBC Bank Ireland Plc;;;;;;;;
2012;Ireland;KBC Bank Ireland Plc;;;;;;;;
2013;Ireland;KBC Bank Ireland Plc;;;;;;;;
2014;Ireland;KBC Bank Ireland Plc;;;;;;;;
2015;Ireland;KBC Bank Ireland Plc;;;;;;;;
2010;Ireland;Permanent TSB Group Holdings Plc;1677280;1.748e+09;1309090;;1639590;4.370e+08;409896.71;
2011;Ireland;Permanent TSB Group Holdings Plc;815947.65;1559490;696201.07;696201.07;1392400;779745.19;696201.07;
2012;Ireland;Permanent TSB Group Holdings Plc;523351.32;866680.07;453914.04;453914.04;775382.91;433340.03;387691.45;
2013;Ireland;Permanent TSB Group Holdings Plc;607039.58;1198140;531325.67;531325.67;1029440;599069.69;514721.74;
2014;Ireland;Permanent TSB Group Holdings Plc;601805.12;1189000;531395.25;531395.25;1029580;594498.44;514789.15;
2015;Ireland;Permanent TSB Group Holdings Plc;501723.81;866916.58;444003.37;444003.37;755915.74;433458.29;377957.87;
2012;Italy;Banca Monte dei Paschi di Siena;;;;;;;;
2016;Italy;Banca Monte dei Paschi di Siena;;;;;;;;
2009;Latvia;Latvian Mortgage and Land Bank (;;;;;;;;
2010;Latvia;Latvian Mortgage and Land Bank (;;;;;;;;
2012;Latvia;Latvian Mortgage and Land Bank (;;;;;;;;
2008;Latvia;Parex Banka (now part of Reverta;;;;;;;;
2009;Luxembourg;"Kaupthing Bank Luxembourg; taken";;;;;;;;
2010;Netherlands;ABN AMRO Group NV;;;;;;;;
2012;Netherlands;ABN AMRO Group NV;;;;;;;;
2013;Netherlands;ABN AMRO Group NV;;;;;;;;
2014;Netherlands;ABN AMRO Group NV;;;;;;;;
2015;Netherlands;ABN AMRO Group NV;;;;;;;;
2016;Netherlands;ABN AMRO Group NV;;;;;;;;
2017;Netherlands;ABN AMRO Group NV;;;;;;;;
2008;Netherlands;AEGON Bank NV;;;;;;;;
2009;Netherlands;AEGON Bank NV;;;;;;;;
2010;Netherlands;AEGON Bank NV;;;;;;;;
2011;Netherlands;AEGON Bank NV;;;;;;;;
2012;Netherlands;AEGON Bank NV;;;;;;;;
2013;Netherlands;AEGON Bank NV;;;;;;;;
2014;Netherlands;AEGON Bank NV;;;;;;;;
2009;Netherlands;Achmea Bank NV;;;;;;;;
2010;Netherlands;Achmea Bank NV;;;;;;;;
2011;Netherlands;Achmea Bank NV;;;;;;;;
2012;Netherlands;Achmea Bank NV;;;;;;;;
2013;Netherlands;Achmea Bank NV;;;;;;;;
2014;Netherlands;Achmea Bank NV;;;;;;;;
2009;Netherlands;Bank Mendes Gans NV;;;;;;;;
2010;Netherlands;Bank Mendes Gans NV;;;;;;;;
2011;Netherlands;Bank Mendes Gans NV;;;;;;;;
2012;Netherlands;Bank Mendes Gans NV;;;;;;;;
2013;Netherlands;Bank Mendes Gans NV;;;;;;;;
2014;Netherlands;Bank Mendes Gans NV;;;;;;;;
2009;Netherlands;Coöperatieve Rabobank U.A.;;;;;;;;
2010;Netherlands;Coöperatieve Rabobank U.A.;;;;;;;;
2011;Netherlands;Coöperatieve Rabobank U.A.;;;;;;;;
2012;Netherlands;Coöperatieve Rabobank U.A.;;;;;;;;
2013;Netherlands;Coöperatieve Rabobank U.A.;;;;;;;;
2014;Netherlands;Coöperatieve Rabobank U.A.;;4805140;;;3764940;1201290;941233.84;
2009;Netherlands;Credit Europe Bank NV;;;;;;;;
2010;Netherlands;Credit Europe Bank NV;;;;;;;;
2011;Netherlands;Credit Europe Bank NV;;;;;;;;
2012;Netherlands;Credit Europe Bank NV;;;;;;;;
2013;Netherlands;Credit Europe Bank NV;;;;;;;;
2014;Netherlands;Credit Europe Bank NV;;;;;;;;
2008;Netherlands;Fortis Bank (Nederland) NV;;;;;;;;
2009;Netherlands;ING Bank NV;;;;;;;;
2010;Netherlands;ING Bank NV;;;;;;;;
2011;Netherlands;ING Bank NV;;;;;;;;
2012;Netherlands;ING Bank NV;;;;;;;;
2013;Netherlands;ING Bank NV;;;;;;;;
2014;Netherlands;ING Bank NV;;;;;;;;
2008;Netherlands;ING Groep NV;2968250;10372710;2968250;2968250;10372710;1152520;1152520;
2009;Netherlands;ING Groep NV;386258.96;4187490;1673320;386258.96;4187490;465277.04;465277.04;
2010;Netherlands;ING Groep NV;386258.96;4187490;1794900;386258.96;4187490;465277.04;465277.04;
2011;Netherlands;ING Groep NV;386258.96;4187490;1883920;386258.96;4187490;465277.04;465277.04;
2012;Netherlands;ING Groep NV;386258.96;99012.411;1739790;386258.96;99012.411;24753.103;24753.103;
2013;Netherlands;ING Groep NV;1307060;4178880;2402920;1054680;3137480;696479.4;522913.01;
2014;Netherlands;ING Groep NV;2052510;4968550;1687180;1687180;3861910;993709.12;772383;
2009;Netherlands;NIBC Bank NV;;;1274770;;;;;
2010;Netherlands;NIBC Bank NV;;;1274770;;;;;
2011;Netherlands;NIBC Bank NV;;;1274770;;;;;
2012;Netherlands;NIBC Bank NV;;;1274770;;;;;
2013;Netherlands;NIBC Bank NV;;;1274770;;;;;
2014;Netherlands;NIBC Bank NV;;;1274770;;;;;
2009;Netherlands;RBS Holdings NV;;;;;;;;
2010;Netherlands;RBS Holdings NV;;;;;;;;
2011;Netherlands;RBS Holdings NV;;;;;;;;
2012;Netherlands;RBS Holdings NV;;;;;;;;
2013;Netherlands;RBS Holdings NV;;;;;;;;
2014;Netherlands;RBS Holdings NV;;;;;;;;
2008;Netherlands;SNS REAAL NV;;;;;;;;
2009;Netherlands;SNS REAAL NV;;;;;;;;
2010;Netherlands;SNS REAAL NV;;;;;;;;
2011;Netherlands;SNS REAAL NV;;;;;;;;
2012;Netherlands;SNS REAAL NV;;;;;;;;
2013;Netherlands;SNS REAAL NV;;;;;;;;
2014;Netherlands;SNS REAAL NV;;;;;;;;
2009;Netherlands;Van Lanschot Kempen NV;;;;;;;;
2010;Netherlands;Van Lanschot Kempen NV;;;;;;;;
2011;Netherlands;Van Lanschot Kempen NV;;;;;;;;
2012;Netherlands;Van Lanschot Kempen NV;;;;;;;;
2013;Netherlands;Van Lanschot Kempen NV;;;;;;;;
2014;Netherlands;Van Lanschot Kempen NV;;;;;;;;
2009;Netherlands;de Volksbank NV;;;;;;;;
2010;Netherlands;de Volksbank NV;;;;;;;;
2011;Netherlands;de Volksbank NV;;;;;;;;
2012;Netherlands;de Volksbank NV;;;;;;;;
2013;Netherlands;de Volksbank NV;;;;;;;;
2014;Netherlands;de Volksbank NV;;;;;;;;
2012;Portugal;Banco BPI, SA;;;;;;;;
2012;Portugal;Banco Comercial Português, SA;;;;;;;;
2014;Portugal;Banco Espirito Santo;;;;;;;;
2008;Portugal;Banco Português de Negócios;;;;;;;;
2009;Portugal;Banco Português de Negócios;;;;;;;;
2010;Portugal;Banco Português de Negócios;;;;;;;;
2012;Portugal;Banco Português de Negócios ( sa;;;;;;;;
2013;Portugal;Banif-Banco Internacional do Fun;;;;;;;;
2009;Portugal;Banque Populaire;;;;;;;;
2008;Portugal;Caisse d'Epargne;;;;;;;;
2008;Portugal;Caixa Geral de Depósitos, SA;;;;;;;;
2009;Portugal;Caixa Geral de Depósitos, SA;;;;;;;;
2010;Portugal;Caixa Geral de Depósitos, SA;;;;;;;;
2012;Portugal;Caixa Geral de Depósitos, SA;;;;;;;;
2012;Slovenia;Abanka d.d.;;;;;;;;
2013;Slovenia;Abanka d.d.;;;;;;;;
2014;Slovenia;Abanka d.d.;;;;;;;;
2015;Slovenia;Abanka d.d.;;;;;;;;
2016;Slovenia;Abanka d.d.;;;;;;;;
2017;Slovenia;Abanka d.d.;;;;;;;;
2013;Slovenia;Banka Celje;;;;;;;;
2012;Slovenia;Factor banka d.d.;;;;;;;;
2013;Slovenia;Factor banka d.d.;;;;;;;;
2014;Slovenia;Factor banka d.d.;;;;;;;;
2015;Slovenia;Factor banka d.d.;;;;;;;;
2016;Slovenia;Factor banka d.d.;;;;;;;;
2017;Slovenia;Factor banka d.d.;;;;;;;;
2012;Slovenia;Nova Kreditna banka Maribor d.d.;;;;;;;;
2013;Slovenia;Nova Kreditna banka Maribor d.d.;;;;;;;;
2014;Slovenia;Nova Kreditna banka Maribor d.d.;;;;;;;;
2015;Slovenia;Nova Kreditna banka Maribor d.d.;;;;;;;;
2016;Slovenia;Nova Kreditna banka Maribor d.d.;;;;;;;;
2017;Slovenia;Nova Kreditna banka Maribor d.d.;;;;;;;;
2011;Slovenia;Nova Ljubljanska banka d.d., Lju;;;;;;;;
2012;Slovenia;Nova Ljubljanska banka d.d., Lju;;;41023.285;;;;;
2013;Slovenia;Nova Ljubljanska banka d.d., Lju;;;41023.285;;;;;
2014;Slovenia;Nova Ljubljanska banka d.d., Lju;;;41023.285;;;;;
2015;Slovenia;Nova Ljubljanska banka d.d., Lju;;;41023.285;;;;;
2016;Slovenia;Nova Ljubljanska banka d.d., Lju;180339.61;603451.97;41023.285;;;150862.99;;
2017;Slovenia;Nova Ljubljanska banka d.d., Lju;180339.61;603451.97;41023.285;;;150862.99;;
2012;Slovenia;Probanka, d.d.;;;;;;;;
2013;Slovenia;Probanka, d.d.;;;;;;;;
2014;Slovenia;Probanka, d.d.;;;;;;;;
2015;Slovenia;Probanka, d.d.;;;;;;;;
2016;Slovenia;Probanka, d.d.;;;;;;;;
2017;Slovenia;Probanka, d.d.;;;;;;;;
2012;Slovenia;SID - Slovenska izvozna in razvo;;;;;;;;
2013;Slovenia;SID - Slovenska izvozna in razvo;;;;;;;;
2014;Slovenia;SID - Slovenska izvozna in razvo;;;;;;;;
2015;Slovenia;SID - Slovenska izvozna in razvo;;;;;;;;
2016;Slovenia;SID - Slovenska izvozna in razvo;;;;;;;;
2017;Slovenia;SID - Slovenska izvozna in razvo;;;;;;;;
2006;Spain;BANCO CAM;;;;;;;;
2007;Spain;BANCO CAM;;;;;;;;
2008;Spain;BANCO CAM;;;;;;;;
2010;Spain;BANCO CAM;;;;;;;;
2010;Spain;BFA, Tenedora de Acciones, SAU;;;;;;;;
2011;Spain;BFA, Tenedora de Acciones, SAU;;;;;;;;
2012;Spain;BFA, Tenedora de Acciones, SAU;;;;;;;;
2013;Spain;BFA, Tenedora de Acciones, SAU;;;;;;;;
2014;Spain;BFA, Tenedora de Acciones, SAU;;;;;;;;
2015;Spain;BFA, Tenedora de Acciones, SAU;;;;;;;;
2010;Spain;Banca March, SA;;;;;;;;
2011;Spain;Banca March, SA;;;;;;;;
2012;Spain;Banca March, SA;;;;;;;;
2013;Spain;Banca March, SA;;;;;;;;
2014;Spain;Banca March, SA;;;;;;;;
2015;Spain;Banca March, SA;;;;;;;;
2010;Spain;Banco Bilbao Vizcaya Argentaria,;7052260;10675240;2557710;7052260;10675240;5337620;5337620;0
2011;Spain;Banco Bilbao Vizcaya Argentaria,;6929990;11994150;2737460;6929990;11994150;5997080;5997080;0
2012;Spain;Banco Bilbao Vizcaya Argentaria,;3813910;6879430;2528030;3813910;6879430;3439720;3439720;0
2013;Spain;Banco Bilbao Vizcaya Argentaria,;6863400;14317900;2611470;4728800;9114890;4772630;3038300;0
2014;Spain;Banco Bilbao Vizcaya Argentaria,;7229630;17769860;2611810;4911420;9930450;5923290;3310150;0
2015;Spain;Banco Bilbao Vizcaya Argentaria,;21352120;45838910;3933870;7101830;9245260;11459730;2311320;0
2009;Spain;BANCO CAM;;;;;;;;
2011;Spain;BANCO CAM;;;;;;;;
2010;Spain;Banco Español de Crédito SA;;;605910.72;;;;;
2011;Spain;Banco Español de Crédito SA;4476570;4562900;1670880;2932400;2932400;2281450;1466200;
2012;Spain;Banco Español de Crédito SA;740664.27;2561460;642937.74;642937.74;1814370;1280730;907185.14;
2013;Spain;Banco Español de Crédito SA;;;;;;;;
2014;Spain;Banco Español de Crédito SA;;;;;;;;
2015;Spain;Banco Español de Crédito SA;;;;;;;;
2010;Spain;Banco Gallego, SA;;;;;;;;
2011;Spain;Banco Gallego, SA;;;;;;;;
2012;Spain;Banco Gallego, SA;;;;;;;;
2013;Spain;Banco Gallego, SA;;;;;;;;
2014;Spain;Banco Gallego, SA;;;;;;;;
2015;Spain;Banco Gallego, SA;;;;;;;;
2010;Spain;Banco Grupo Cajatres SA;;;;;;;;
2012;Spain;Banco Grupo Cajatres SA;;;;;;;;
2013;Spain;Banco Grupo Cajatres SA;;;;;;;;
2014;Spain;Banco Grupo Cajatres SA;;;;;;;;
2015;Spain;Banco Grupo Cajatres SA;;;;;;;;
2010;Spain;Banco Mare Nostrum, SA;;;;;;;;
2011;Spain;Banco Mare Nostrum, SA;;;;;;;;
2013;Spain;Banco Mare Nostrum, SA;;;;;;;;
2014;Spain;Banco Mare Nostrum, SA;;;;;;;;
2015;Spain;Banco Mare Nostrum, SA;;;;;;;;
2010;Spain;Banco Pastor SA;;;;;;;;
2011;Spain;Banco Pastor SA;;;;;;;;
2012;Spain;Banco Pastor SA;;;;;;;;
2013;Spain;Banco Pastor SA;;;;;;;;
2014;Spain;Banco Pastor SA;;;;;;;;
2015;Spain;Banco Pastor SA;;;;;;;;
2010;Spain;Banco Popular Español, SA;739051.45;2413110;603791.09;739051.45;2413110;603276.42;603276.42;
2011;Spain;Banco Popular Español, SA;739051.45;2848850;603791.09;739051.45;2532780;1424430;1266390;
2012;Spain;Banco Popular Español, SA;739051.45;2339010;603791.09;739051.45;2339010;1169500;1169500;
2013;Spain;Banco Popular Español, SA;1166260;3848130;1062650;1166260;3848130;1282710;1282710;
2014;Spain;Banco Popular Español, SA;1429450;4502250;1195640;1429450;4502250;1500750;1500750;
2015;Spain;Banco Popular Español, SA;1187710;3674130;910206.91;1187710;3674130;1224710;1224710;
2010;Spain;Banco Santander, SA;12176960;40352860;4912440;9357910;30074270;5764690;4296320;
2011;Spain;Banco Santander, SA;16157430;51990900;5156070;7111000;21913620;8665150;3652270;
2012;Spain;Banco Santander, SA;10591760;31671330;4761600;5664280;15695450;5278550;2615910;
2013;Spain;Banco Santander, SA;11330520;34929350;3764440;5424840;18378550;5821560;3063090;0
2014;Spain;Banco Santander, SA;11240340;37755630;2656980;5291370;19229870;7551130;3845970;0
2015;Spain;Banco Santander, SA;11528550;36285070;2403170;3952740;16636810;6047510;2772800;0
2010;Spain;Banco de Caja España de Inversio;;;;;;;;
2011;Spain;Banco de Caja España de Inversio;;;;;;;;
2012;Spain;Banco de Caja España de Inversio;;;;;;;;
2013;Spain;Banco de Caja España de Inversio;;;;;;;;
2014;Spain;Banco de Caja España de Inversio;;;;;;;;
2015;Spain;Banco de Caja España de Inversio;;;;;;;;
2010;Spain;Banco de Sabadell, SA;;;;;;;;
2011;Spain;Banco de Sabadell, SA;;;;;;;;
2012;Spain;Banco de Sabadell, SA;1087850;4499160;1087850;1087850;3231750;1499720;1077250;
2013;Spain;Banco de Sabadell, SA;4686290;12425050;1123750;2250160;6851440;4141680;2283810;0
2014;Spain;Banco de Sabadell, SA;5011060;12677760;1129210;2571950;7192430;4225920;2397480;0
2015;Spain;Banco de Sabadell, SA;4537710;11267700;1458550;2645150;6633410;3755900;2211140;0
2010;Spain;Banco de Valencia SA;;;;;;;;
2012;Spain;Banco de Valencia SA;;;;;;;;
2013;Spain;Banco de Valencia SA;;;;;;;;
2014;Spain;Banco de Valencia SA;;;;;;;;
2015;Spain;Banco de Valencia SA;;;;;;;;
2010;Spain;Bankinter, SA;;;180188.71;;;;;
2011;Spain;Bankinter, SA;838226.08;2212530;838226.08;838226.08;2212530;1106260;1106260;
2012;Spain;Bankinter, SA;989866.94;2459620;779240.54;989866.94;2172870;1229810;1086440;
2013;Spain;Bankinter, SA;1329640;2274070;835509.62;1101170;1802520;1137040;901261.17;
2014;Spain;Bankinter, SA;1452040;2593210;886101.58;1223540;2121600;1296600;1060800;
2015;Spain;Bankinter, SA;1233220;2212250;778115.91;1031200;1788220;1106120;894111.79;
2010;Spain;Caixa de Aforros de Galicia, Vig;;;;;;;;
2011;Spain;Caixa de Aforros de Galicia, Vig;;;;;;;;
2012;Spain;Caixa de Aforros de Galicia, Vig;;;;;;;;
2014;Spain;Caixa de Aforros de Galicia, Vig;;;;;;;;
2009;Spain;Caja Castilla La Mancha Corporac;;;;;;;;
2010;Spain;Caja Castilla La Mancha Corporac;;;;;;;;
2011;Spain;Caja Castilla La Mancha Corporac;;;;;;;;
2012;Spain;Caja Castilla La Mancha Corporac;;;;;;;;
2013;Spain;Caja Castilla La Mancha Corporac;;;;;;;;
2014;Spain;Caja Castilla La Mancha Corporac;;;;;;;;
2015;Spain;Caja Castilla La Mancha Corporac;;;;;;;;
2010;Spain;Caja Laboral Popular Cooperativa;;;;;;;;
2011;Spain;Caja Laboral Popular Cooperativa;;;;;;;;
2012;Spain;Caja Laboral Popular Cooperativa;;;;;;;;
2013;Spain;Caja Laboral Popular Cooperativa;;;;;;;;
2014;Spain;Caja Laboral Popular Cooperativa;;;;;;;;
2015;Spain;Caja Laboral Popular Cooperativa;;;;;;;;
2010;Spain;Caja Rural del Sur,SCC;;;;;;;;
2011;Spain;Caja Rural del Sur,SCC;;;;;;;;
2012;Spain;Caja Rural del Sur,SCC;;;;;;;;
2013;Spain;Caja Rural del Sur,SCC;;;;;;;;
2014;Spain;Caja Rural del Sur,SCC;;;;;;;;
2015;Spain;Caja Rural del Sur,SCC;;;;;;;;
2010;Spain;Caja de Ahorros Municipal de Bur;;;;;;;;
2011;Spain;Caja de Ahorros Municipal de Bur;;;;;;;;
2012;Spain;Caja de Ahorros Municipal de Bur;;;;;;;;
2013;Spain;Caja de Ahorros Municipal de Bur;;;;;;;;
2014;Spain;Caja de Ahorros Municipal de Bur;;;;;;;;
2015;Spain;Caja de Ahorros Municipal de Bur;;;;;;;;
2011;Spain;Caja de Ahorros del Mediterráneo;;;;;;;;
2010;Spain;Caja de Ahorros y Monte de Pieda;;;;;;;;
2011;Spain;Caja de Ahorros y Monte de Pieda;;;;;;;;
2012;Spain;Caja de Ahorros y Monte de Pieda;;;;;;;;
2013;Spain;Caja de Ahorros y Monte de Pieda;;;;;;;;
2014;Spain;Caja de Ahorros y Monte de Pieda;;;;;;;;
2015;Spain;Caja de Ahorros y Monte de Pieda;;;;;;;;
2010;Spain;Catalunya Banc, SA;;;;;;;;
2011;Spain;Catalunya Banc, SA;;;;;;;;
2012;Spain;Catalunya Banc, SA;;;;;;;;
2013;Spain;Catalunya Banc, SA;;;;;;;;
2014;Spain;Catalunya Banc, SA;;;;;;;;
2015;Spain;Catalunya Banc, SA;;;;;;;;
2010;Spain;Deutsche Bank SAE;;;;;;;;
2011;Spain;Deutsche Bank SAE;;;;;;;;
2012;Spain;Deutsche Bank SAE;;;;;;;;
2013;Spain;Deutsche Bank SAE;;;;;;;;
2014;Spain;Deutsche Bank SAE;;;;;;;;
2015;Spain;Deutsche Bank SAE;;;;;;;;
2010;Spain;Grupo Cooperativo Cajamar;;;;;;;;
2011;Spain;Grupo Cooperativo Cajamar;;;;;;;;
2012;Spain;Grupo Cooperativo Cajamar;;;;;;;;
2013;Spain;Grupo Cooperativo Cajamar;;;;;;;;
2014;Spain;Grupo Cooperativo Cajamar;;;;;;;;
2015;Spain;Grupo Cooperativo Cajamar;;;;;;;;
2010;Spain;Liberbank, SA;;;;;;;;
2011;Spain;Liberbank, SA;;;;;;;;
2013;Spain;Liberbank, SA;361301.46;702678.2;338720.11;338720.11;678768.54;234226.07;226256.18;
2014;Spain;Liberbank, SA;365334.23;629703.37;273668.55;273668.55;538037.69;314851.69;269018.85;
2015;Spain;Liberbank, SA;490623.73;724835.5;286382.17;324122.46;537244.08;362417.75;268622.04;
2013;Spain;SGR;;;;;;;;
2010;Spain;Santander Consumer Finance, SA;;;;;;;;
2011;Spain;Santander Consumer Finance, SA;;;;;;;;
2012;Spain;Santander Consumer Finance, SA;;;;;;;;
2013;Spain;Santander Consumer Finance, SA;;;;;;;;
2014;Spain;Santander Consumer Finance, SA;;;;;;;;
2015;Spain;Santander Consumer Finance, SA;;;;;;;;
2010;Spain;UNNIM Banc, SA;;;;;;;;
2011;Spain;UNNIM Banc, SA;;;;;;;;
2012;Spain;UNNIM Banc, SA;;;;;;;;
2013;Spain;UNNIM Banc, SA;;;;;;;;
2014;Spain;UNNIM Banc, SA;;;;;;;;
2015;Spain;UNNIM Banc, SA;;;;;;;;
2009;Spain;Unicaja Banco, SA;;;;;;;;
2010;Spain;Unicaja Banco, SA;;;;;;;;
2011;Spain;Unicaja Banco, SA;;;;;;;;
2012;Spain;Unicaja Banco, SA;;;;;;;;
2013;Spain;Unicaja Banco, SA;;;;;;;;
2014;Spain;Unicaja Banco, SA;;;;;;;;
2015;Spain;Unicaja Banco, SA;;0;;;0;0;0;
2010;United Kingdom;Anglo Irish Bank;;;;;;;;
2011;United Kingdom;Anglo Irish Bank;;;;;;;;
2012;United Kingdom;Anglo Irish Bank;;;;;;;;
2013;United Kingdom;Anglo Irish Bank;;;;;;;;
2014;United Kingdom;Anglo Irish Bank;;;;;;;;
2009;United Kingdom;Arbuthnot Banking Group Plc;;;;;;;;
2010;United Kingdom;Arbuthnot Banking Group Plc;;1064980;;;850129.69;532490.32;425064.85;
2011;United Kingdom;Arbuthnot Banking Group Plc;;2176460;;;2001640;1088230;1000820;
2012;United Kingdom;Arbuthnot Banking Group Plc;;2697820;;;2517120;1348910;1258560;
2013;United Kingdom;Arbuthnot Banking Group Plc;;2697820;;;2517120;1348910;1258560;
2014;United Kingdom;Arbuthnot Banking Group Plc;;2697820;;;2517120;1348910;1258560;
2009;United Kingdom;Bank of America Merrill Lynch In;;;;;;;;
2010;United Kingdom;Bank of America Merrill Lynch In;;;;;;;;
2011;United Kingdom;Bank of America Merrill Lynch In;;;;;;;;
2012;United Kingdom;Bank of America Merrill Lynch In;;;;;;;;
2013;United Kingdom;Bank of America Merrill Lynch In;;;;;;;;
2014;United Kingdom;Bank of America Merrill Lynch In;;;;;;;;
2009;United Kingdom;Bank of Scotland Plc;;;;;;;;
2010;United Kingdom;Bank of Scotland Plc;;;;;;;;
2011;United Kingdom;Bank of Scotland Plc;;;;;;;;
2012;United Kingdom;Bank of Scotland Plc;;;;;;;;
2013;United Kingdom;Bank of Scotland Plc;;;;;;;;
2014;United Kingdom;Bank of Scotland Plc;;;;;;;;
2008;United Kingdom;Barclays Plc;2033360;10927900;1990760;1990760;6301920;1821320;1050320;
2009;United Kingdom;Barclays Plc;156591.73;3914790;1722510;1722510;3131830;1304930;1043940;
2010;United Kingdom;Barclays Plc;5950910;20345920;1700260;2550390;4672620;6781970;1557540;
2011;United Kingdom;Barclays Plc;10104420;16412460;2165230;6495700;10665770;8206230;5332890;
2012;United Kingdom;Barclays Plc;1150350;3808550;1131310;1131310;2399380;1269520;799794.11;
2013;United Kingdom;Barclays Plc;166701.04;5778010;114463.89;114463.89;3826130;1926000;1275380;
2014;United Kingdom;Barclays Plc;9006190;13528230;1812110;5189230;9225290;6764120;4612650;
2008;United Kingdom;Bradford & Bingley Plc;;;2093560;;;;;
2010;United Kingdom;Bradford & Bingley Plc;;95832.801;2093560;;95832.801;95832.801;95832.801;
2011;United Kingdom;Bradford & Bingley Plc;;95832.801;2093560;;95832.801;95832.801;95832.801;
2012;United Kingdom;Bradford & Bingley Plc;;95832.801;2093560;;95832.801;95832.801;95832.801;
2013;United Kingdom;Bradford & Bingley Plc;;;;;;;;
2014;United Kingdom;Bradford & Bingley Plc;;95832.801;2093560;;95832.801;95832.801;95832.801;
2015;United Kingdom;Bradford & Bingley Plc;;95832.801;2093560;;95832.801;95832.801;95832.801;
2016;United Kingdom;Bradford & Bingley Plc;;95832.801;2093560;;95832.801;95832.801;95832.801;
2009;United Kingdom;Close Brothers Group Plc;3041010;7115530;685871.78;1684930;4534900;1778880;1133720;
2010;United Kingdom;Close Brothers Group Plc;2918260;7131820;734202.91;1468410;3718930;2377270;1239640;
2011;United Kingdom;Close Brothers Group Plc;3130770;8020980;761841.03;1377730;3573440;2673660;1191150;
2012;United Kingdom;Close Brothers Group Plc;3143230;9115850;792544.44;1401220;3702770;2278960;925691.91;
2013;United Kingdom;Close Brothers Group Plc;8994370;23233900;782391.57;3129570;9138330;5808480;2284580;
2014;United Kingdom;Close Brothers Group Plc;12208690;30848720;845102.64;3380410;9991320;7712180;2497830;
2009;United Kingdom;Clydesdale Bank Plc;;;;;;;;
2010;United Kingdom;Clydesdale Bank Plc;;;;;;;;
2011;United Kingdom;Clydesdale Bank Plc;;;;;;;;
2012;United Kingdom;Clydesdale Bank Plc;;;;;;;;
2013;United Kingdom;Clydesdale Bank Plc;;;;;;;;
2014;United Kingdom;Clydesdale Bank Plc;;;;;;;;
2009;United Kingdom;Co-operative Bank Plc;;;;;;;;
2010;United Kingdom;Co-operative Bank Plc;;;;;;;;
2011;United Kingdom;Co-operative Bank Plc;;;;;;;;
2012;United Kingdom;Co-operative Bank Plc;;;;;;;;
2013;United Kingdom;Co-operative Bank Plc;;;;;;;;
2014;United Kingdom;Co-operative Bank Plc;;;;;;;;
2009;United Kingdom;Coventry Building Society;;400874.83;;;338238.14;400874.83;338238.14;
2010;United Kingdom;Coventry Building Society;;374057.06;;;315320.83;374057.06;315320.83;
2011;United Kingdom;Coventry Building Society;;374057.06;;;315320.83;374057.06;315320.83;
2012;United Kingdom;Coventry Building Society;;374057.06;;;315320.83;374057.06;315320.83;
2013;United Kingdom;Coventry Building Society;;374057.06;;;315320.83;374057.06;315320.83;
2014;United Kingdom;Coventry Building Society;;374057.06;;;315320.83;374057.06;315320.83;
2009;United Kingdom;Dunfermline Building Society;;;;;;;;
2011;United Kingdom;Dunfermline Building Society;;;;;;;;
2012;United Kingdom;Dunfermline Building Society;;;;;;;;
2013;United Kingdom;Dunfermline Building Society;;;;;;;;
2014;United Kingdom;Dunfermline Building Society;;;;;;;;
2009;United Kingdom;Europe Arab Bank Plc;;;;;;;;
2010;United Kingdom;Europe Arab Bank Plc;;;;;;;;
2011;United Kingdom;Europe Arab Bank Plc;;;;;;;;
2012;United Kingdom;Europe Arab Bank Plc;;;;;;;;
2013;United Kingdom;Europe Arab Bank Plc;;;;;;;;
2014;United Kingdom;Europe Arab Bank Plc;;;;;;;;
2009;United Kingdom;HBOS Plc;;;1560850;;;;;
2010;United Kingdom;HBOS Plc;;;1560850;;;;;
2011;United Kingdom;HBOS Plc;;;1560850;;;;;
2012;United Kingdom;HBOS Plc;;;1560850;;;;;
2013;United Kingdom;HBOS Plc;;;1560850;;;;;
2014;United Kingdom;HBOS Plc;;;1560850;;;;;
2009;United Kingdom;HSBC Bank Plc;;;;;;;;
2010;United Kingdom;HSBC Bank Plc;;;;;;;;
2011;United Kingdom;HSBC Bank Plc;;;;;;;;
2012;United Kingdom;HSBC Bank Plc;;;;;;;;
2013;United Kingdom;HSBC Bank Plc;;;;;;;;
2014;United Kingdom;HSBC Bank Plc;;;;;;;;
2008;United Kingdom;HSBC Holdings Plc;3087070;17796490;1981500;1981500;14092750;2966080;2348790;
2009;United Kingdom;HSBC Holdings Plc;8886580;40455470;1675530;7939200;36797490;6742580;6132920;
2010;United Kingdom;HSBC Holdings Plc;7479600;27159330;1799180;6164210;22995240;3879900;3285030;
2011;United Kingdom;HSBC Holdings Plc;10588790;24289990;2004840;9316910;19489550;4858000;3897910;
2012;United Kingdom;HSBC Holdings Plc;11940470;22847470;1981360;5072280;11235110;5711870;2808780;
2013;United Kingdom;HSBC Holdings Plc;12569900;23197910;1955980;4824230;10000530;7732640;3333510;
2014;United Kingdom;HSBC Holdings Plc;12551340;30426990;4859750;6984860;18167240;7606750;4541810;
2009;United Kingdom;ICICI Bank UK Plc;;;;;;;;
2010;United Kingdom;ICICI Bank UK Plc;;;;;;;;
2011;United Kingdom;ICICI Bank UK Plc;;;;;;;;
2012;United Kingdom;ICICI Bank UK Plc;;;;;;;;
2013;United Kingdom;ICICI Bank UK Plc;;;;;;;;
2014;United Kingdom;ICICI Bank UK Plc;;;;;;;;
2009;United Kingdom;Leeds Building Society;;;;;;;;
2010;United Kingdom;Leeds Building Society;;;;;;;;
2011;United Kingdom;Leeds Building Society;;;;;;;;
2012;United Kingdom;Leeds Building Society;;;;;;;;
2013;United Kingdom;Leeds Building Society;;;;;;;;
2014;United Kingdom;Leeds Building Society;;;;;;;;
2009;United Kingdom;Lloyds Bank Plc;;;;;;;;
2010;United Kingdom;Lloyds Bank Plc;;;;;;;;
2011;United Kingdom;Lloyds Bank Plc;;;;;;;;
2012;United Kingdom;Lloyds Bank Plc;;;;;;;;
2013;United Kingdom;Lloyds Bank Plc;;;;;;;;
2014;United Kingdom;Lloyds Bank Plc;;;;;;;;
2009;United Kingdom;Lloyds Banking Group Plc;1755390;13203400;1620720;1620720;12710830;1886200;1815830;
2010;United Kingdom;Lloyds Banking Group Plc;3975520;13728820;1599790;3841040;13252750;2745760;2650550;
2011;United Kingdom;Lloyds Banking Group Plc;5708190;9018590;3865340;4057810;6810060;1503100;1135010;
2012;United Kingdom;Lloyds Banking Group Plc;5356020;7207400;1681780;4035640;5860070;3603700;2930040;
2013;United Kingdom;Lloyds Banking Group Plc;11696750;15546120;1660230;4320370;7083770;5182040;2361260;
2014;United Kingdom;Lloyds Banking Group Plc;17837760;35771070;1747860;3065760;7009570;11923690;2336520;
2015;United Kingdom;Lloyds Banking Group Plc;13408160;27450580;1621570;2920660;6545900;9150190;2181970;
2009;United Kingdom;National Westminster Bank Plc;;;;;;;;
2010;United Kingdom;National Westminster Bank Plc;;;;;;;;
2011;United Kingdom;National Westminster Bank Plc;;;;;;;;
2012;United Kingdom;National Westminster Bank Plc;;;;;;;;
2013;United Kingdom;National Westminster Bank Plc;;;;;;;;
2014;United Kingdom;National Westminster Bank Plc;;;;;;;;
2009;United Kingdom;Nationwide Building Society;;;593416.23;;;;;
2010;United Kingdom;Nationwide Building Society;;;1004700;;;;;
2011;United Kingdom;Nationwide Building Society;;;1042520;;;;;
2012;United Kingdom;Nationwide Building Society;3568040;10740560;1307700;1941730;6134290;1534370;876327.71;
2013;United Kingdom;Nationwide Building Society;3533280;12317970;1290950;1916860;6274780;1759710;896397.2;
2014;United Kingdom;Nationwide Building Society;4235400;11104950;1359080;3487490;9040790;2776240;2260200;
2009;United Kingdom;Newcastle Building Society;;;;;;;;
2010;United Kingdom;Newcastle Building Society;;;;;;;;
2011;United Kingdom;Newcastle Building Society;;;;;;;;
2012;United Kingdom;Newcastle Building Society;;;;;;;;
2013;United Kingdom;Newcastle Building Society;;;;;;;;
2014;United Kingdom;Newcastle Building Society;;;;;;;;
2007;United Kingdom;Northern Rock Limited;;;;;;;;
2008;United Kingdom;Northern Rock Limited;;;;;;;;
2009;United Kingdom;Northern Rock Limited;;;;;;;;
2010;United Kingdom;Northern Rock Limited;;;;;;;;
2011;United Kingdom;Northern Rock Limited;;;;;;;;
2012;United Kingdom;Northern Rock Limited;;;;;;;;
2013;United Kingdom;Northern Rock Limited;;;;;;;;
2014;United Kingdom;Northern Rock Limited;;;;;;;;
2009;United Kingdom;Principality Building Society;;;;;;;;
2010;United Kingdom;Principality Building Society;;;;;;;;
2011;United Kingdom;Principality Building Society;;;;;;;;
2012;United Kingdom;Principality Building Society;;;;;;;;
2013;United Kingdom;Principality Building Society;;;;;;;;
2014;United Kingdom;Principality Building Society;;;;;;;;
2009;United Kingdom;Royal Bank of Scotland Group Plc;;;;;;;;
2010;United Kingdom;Royal Bank of Scotland Group Plc;;;;;;;;
2011;United Kingdom;Royal Bank of Scotland Group Plc;;;;;;;;
2012;United Kingdom;Royal Bank of Scotland Group Plc;;;;;;;;
2013;United Kingdom;Royal Bank of Scotland Group Plc;;;;;;;;
2014;United Kingdom;Royal Bank of Scotland Group Plc;;;;;;;;
2015;United Kingdom;Royal Bank of Scotland Group Plc;;;;;;;;
2009;United Kingdom;Santander UK Group Holdings Plc;;;;;;;;
2011;United Kingdom;Santander UK Group Holdings Plc;;;;;;;;
2012;United Kingdom;Santander UK Group Holdings Plc;;;;;;;;
2013;United Kingdom;Santander UK Group Holdings Plc;;;;;;;;
2014;United Kingdom;Santander UK Group Holdings Plc;;;;;;;;
2009;United Kingdom;Santander UK Plc;;;1103920;;;;;
2010;United Kingdom;Santander UK Plc;2259800;6694380;1103920;;;1115730;;
2011;United Kingdom;Santander UK Plc;6524570;13161410;2729800;6441170;13047530;2632280;2609510;
2012;United Kingdom;Santander UK Plc;6272200;14184960;3317590;6204040;13525560;3546240;3381390;
2013;United Kingdom;Santander UK Plc;6272200;14184960;3317590;6204040;13525560;3546240;3381390;
2014;United Kingdom;Santander UK Plc;6272200;14184960;3317590;6204040;13525560;3546240;3381390;
2009;United Kingdom;Skipton Building Society;;;;;;;;
2010;United Kingdom;Skipton Building Society;;;;;;;;
2011;United Kingdom;Skipton Building Society;;;;;;;;
2012;United Kingdom;Skipton Building Society;;;;;;;;
2013;United Kingdom;Skipton Building Society;;;;;;;;
2014;United Kingdom;Skipton Building Society;;;;;;;;
2008;United Kingdom;Standard Chartered Plc;6006000;21744000;1516000;2567000;8210000;3624000;1368330;1799000
2009;United Kingdom;Standard Chartered Plc;6920000;34806000;1444000;1444000;6513000;5801000;1085500;2179000
2010;United Kingdom;Standard Chartered Plc;7780000;36850000;1544000;2244000;9675000;7370000;1935000;2621000
2011;United Kingdom;Standard Chartered Plc;8051000;37840000;1693000;2393000;10146000;7568000;2029200;2726000
2012;United Kingdom;Standard Chartered Plc;11014000;51607000;1703000;4853000;26599000;8601170;4433170;2726000
2013;United Kingdom;Standard Chartered Plc;6842000;34149000;1680000;4180000;21650000;5691500;3608330;2726000
2014;United Kingdom;Standard Chartered Plc;5095000;25123320;1826000;1826000;10881640;3589050;1554520;0
2009;United Kingdom;TSB Bank Plc;;;;;;;;
2010;United Kingdom;TSB Bank Plc;;;;;;;;
2011;United Kingdom;TSB Bank Plc;;;;;;;;
2012;United Kingdom;TSB Bank Plc;;;;;;;;
2013;United Kingdom;TSB Bank Plc;;;;;;;;
2014;United Kingdom;TSB Bank Plc;;;;;;;;
2009;United Kingdom;Ulster Bank Ltd.;;;;;;;;
2010;United Kingdom;Ulster Bank Ltd.;;;;;;;;
2011;United Kingdom;Ulster Bank Ltd.;;;;;;;;
2012;United Kingdom;Ulster Bank Ltd.;;;;;;;;
2013;United Kingdom;Ulster Bank Ltd.;;;;;;;;
2014;United Kingdom;Ulster Bank Ltd.;;;;;;;;
2009;United Kingdom;West Bromwich Building Society;;;;;;;;
2010;United Kingdom;West Bromwich Building Society;;;;;;;;
2011;United Kingdom;West Bromwich Building Society;;;;;;;;
2012;United Kingdom;West Bromwich Building Society;;;;;;;;
2013;United Kingdom;West Bromwich Building Society;;;;;;;;
2014;United Kingdom;West Bromwich Building Society;;;;;;;;
2009;United Kingdom;Yorkshire Building Society;;;512054.96;;;;;
2010;United Kingdom;Yorkshire Building Society;867132.28;2667860;584270.95;788302.08;2446830;381123.08;349546.83;
2011;United Kingdom;Yorkshire Building Society;1440280;3583060;1117900;1368110;3339270;511865.52;477038.5;
2012;United Kingdom;Yorkshire Building Society;1185650;3255770;732311.07;1134920;3041790;813943.14;760446.39;
2013;United Kingdom;Yorkshire Building Society;1185650;3255770;732311.07;1134920;3041790;813943.14;760446.39;
2014;United Kingdom;Yorkshire Building Society;1185650;3255770;732311.07;1134920;3041790;813943.14;760446.39;
2009;USA;1st Colonial Bancorp, Inc.;;;;;;;;
2010;USA;1st Colonial Bancorp, Inc.;;;;;;;;
2011;USA;1st Colonial Bancorp, Inc.;;;;;;;;
2012;USA;1st Colonial Bancorp, Inc.;;;;;;;;
2013;USA;1st Colonial Bancorp, Inc.;;;;;;;;
2014;USA;1st Colonial Bancorp, Inc.;;;;;;;;
2009;USA;1st Summit Bancorp of Johnstown,;;;;;;;;
2010;USA;1st Summit Bancorp of Johnstown,;;;;;;;;
2011;USA;1st Summit Bancorp of Johnstown,;;;;;;;;
2012;USA;1st Summit Bancorp of Johnstown,;;;;;;;;
2013;USA;1st Summit Bancorp of Johnstown,;;;;;;;;
2014;USA;1st Summit Bancorp of Johnstown,;;;;;;;;
2009;USA;ACNB Corporation;403052;1334939;254039;260264;1049866;266987.8;209973.2;0
2010;USA;ACNB Corporation;453133;1404940;285000;297850;1092473;280988;218494.6;0
2011;USA;ACNB Corporation;501829;1542808;293500;311435;1093460;308561.6;218692;0
2012;USA;ACNB Corporation;841450;2221625;299400;327394;1197292;444325;239458.4;0
2013;USA;ACNB Corporation;529320;1517029;305400;338454;1184409;303405.8;236881.8;0
2014;USA;ACNB Corporation;654001;2111286;313000;343000;1396500;422257.2;279300;0
2009;USA;AJS Bancorp, Inc.;;;;;;;;
2010;USA;AJS Bancorp, Inc.;;;;;;;;
2011;USA;AJS Bancorp, Inc.;;;;;;;;
2012;USA;AJS Bancorp, Inc.;;;;;;;;
2013;USA;AJS Bancorp, Inc.;;;;;;;;
2014;USA;AJS Bancorp, Inc.;;;;;;;;
2009;USA;Absecon Bancorp;;;;;;;;
2010;USA;Absecon Bancorp;;;;;;;;
2011;USA;Absecon Bancorp;;;;;;;;
2012;USA;Absecon Bancorp;;;;;;;;
2013;USA;Absecon Bancorp;;;;;;;;
2014;USA;Absecon Bancorp;;;;;;;;
2009;USA;Adirondack Trust Company;;;;;;;;
2010;USA;Adirondack Trust Company;;;;;;;;
2011;USA;Adirondack Trust Company;;;;;;;;
2012;USA;Adirondack Trust Company;;;;;;;;
2013;USA;Adirondack Trust Company;;;;;;;;
2014;USA;Adirondack Trust Company;;;;;;;;
2009;USA;American Bancorp, Inc.;;;;;;;;
2010;USA;American Bancorp, Inc.;;;;;;;;
2011;USA;American Bancorp, Inc.;;;;;;;;
2012;USA;American Bancorp, Inc.;;;;;;;;
2013;USA;American Bancorp, Inc.;;;;;;;;
2014;USA;American Bancorp, Inc.;;;;;;;;
2009;USA;American Bank Incorporated;;;;;;;;
2010;USA;American Bank Incorporated;;;;;;;;
2011;USA;American Bank Incorporated;;;;;;;;
2012;USA;American Bank Incorporated;;;;;;;;
2013;USA;American Bank Incorporated;;;;;;;;
2014;USA;American Bank Incorporated;;;;;;;;
2009;USA;American Business Bank;;;;;;;;
2010;USA;American Business Bank;;;;;;;;
2011;USA;American Business Bank;;;;;;;;
2012;USA;American Business Bank;;;;;;;;
2013;USA;American Business Bank;;;;;;;;
2014;USA;American Business Bank;;;;;;;;
2009;USA;Ames National Corporation;;1152608;;;1049942;192101.33;174990.33;
2010;USA;Ames National Corporation;;1227442;;;1121199;204573.67;186866.5;
2011;USA;Ames National Corporation;;1368620;;;1241547;228103.33;206924.5;
2012;USA;Ames National Corporation;;1208067;;;1097632;241613.4;219526.4;
2013;USA;Ames National Corporation;;1208277;;;1111877;241655.4;222375.4;
2014;USA;Ames National Corporation;;1339615;;;1232677;267923;246535.4;
2009;USA;Apollo Bancorp, Inc.;;;;;;;;
2010;USA;Apollo Bancorp, Inc.;;;;;;;;
2011;USA;Apollo Bancorp, Inc.;;;;;;;;
2012;USA;Apollo Bancorp, Inc.;;;;;;;;
2013;USA;Apollo Bancorp, Inc.;;;;;;;;
2014;USA;Apollo Bancorp, Inc.;;;;;;;;
2009;USA;Arrow Financial Corporation;1368624;2033251;553500;753355;1289846;406650.2;257969.2;73760
2010;USA;Arrow Financial Corporation;1319364;2040800;570000;745919;1312563;408160;262512.6;105920
2011;USA;Arrow Financial Corporation;1229954;2030407;590000;776999;1424347;406081.4;284869.4;102880
2012;USA;Arrow Financial Corporation;1509474;2527926;593500;796847;1589033;505585.2;317806.6;0
2013;USA;Arrow Financial Corporation;426453;1033659;300000;400000;949500;344553;316500;0
2014;USA;Arrow Financial Corporation;557020;1320635;306000;443000;1047500;440211.67;349166.67;60432
2009;USA;Associated Banc-Corp;2714625;9161348;1086092;1086092;3592877;916134.8;359287.7;179720
2010;USA;Associated Banc-Corp;5006511;10125977;3456000;3456000;6534820;1687662.8;1089136.7;0
2011;USA;Associated Banc-Corp;5030436;8299615;3496615;3496615;5507527;2074903.8;1376881.8;0
2012;USA;Associated Banc-Corp;4305956;9661563;1298077;2010577;5393686;1610260.5;898947.67;1062495
2013;USA;Associated Banc-Corp;4459367;9308289;1250000;2062250;4923167;1861657.8;984633.4;531276
2014;USA;Associated Banc-Corp;4900095;10069883;1250000;2110985;5112818;2013976.6;1022563.6;624999
2009;USA;Auburn National Bancorporation,;108853;803284;78000;78000;726593;160656.8;145318.6;0
2010;USA;Auburn National Bancorporation,;56962;751767;28500;28500;677093;150353.4;135418.6;0
2011;USA;Auburn National Bancorporation,;91682;882864;13720;63720;805961;176572.8;161192.2;0
2012;USA;Auburn National Bancorporation,;132320;983841;20000;94000;890071;196768.2;178014.2;0
2013;USA;Auburn National Bancorporation,;142822;1034564;20400;110400;946418;206912.8;189283.6;0
2014;USA;Auburn National Bancorporation,;141147;1082542;21012;103512;980851;216508.4;196170.2;0
2009;USA;Axos Financial, Inc.;701680;1593145;295961;466961;1323983;318629;264796.6;0
2010;USA;Axos Financial, Inc.;1129382;2416012;288782;459782;1337928;345144.57;191132.57;0
2011;USA;Axos Financial, Inc.;3188171;4675993;304841;480971;1323606;935198.6;264721.2;0
2012;USA;Axos Financial, Inc.;1372880;2998106;375000;712500;1945750;499684.33;324291.67;0
2013;USA;Axos Financial, Inc.;2367765;4502411;375000;703125;2151825;750401.83;358637.5;0
2014;USA;Axos Financial, Inc.;4897845;7148157;375000;703125;1959471;1191359.5;326578.5;0
2009;USA;BB&T Corporation;;;;;;;;
2010;USA;BB&T Corporation;;;;;;;;
2011;USA;BB&T Corporation;;;;;;;;
2012;USA;BB&T Corporation;;;;;;;;
2013;USA;BB&T Corporation;;;;;;;;
2014;USA;BB&T Corporation;;;;;;;;
2009;USA;BBVA USA Bancshares, Inc.;2495074;6241999;848548;1306509;3557557;1040333.2;592926.17;0
2010;USA;BBVA USA Bancshares, Inc.;2812892;6765769;861278;1653832;4151154;1353153.8;830230.8;0
2011;USA;BBVA USA Bancshares, Inc.;3919376;9195588;878501;2326259;5510516;1839117.6;1102103.2;0
2012;USA;BBVA USA Bancshares, Inc.;4169502;9786377;882828;2319551;5543605;1957275.4;1108721;0
2013;USA;BBVA USA Bancshares, Inc.;3468987;9722554;896073;1846032;4631226;1944510.8;926245.2;257574
2014;USA;BBVA USA Bancshares, Inc.;3751514;9254634;917352;1854132;4844884;1850926.8;968976.8;257570
2009;USA;BOK Financial Corporation;7789497;13512613;828600;2071500;5113759;2702522.6;1022751.8;298411
2010;USA;BOK Financial Corporation;6663222;12646654;828600;2071673;5488444;2529330.8;1097688.8;230665
2011;USA;BOK Financial Corporation;2907012;7603305;828600;828600;3228804;1520661;645760.8;1105604
2012;USA;BOK Financial Corporation;5312274;11295169;849314;1827483;5624958;1882528.2;937493;0
2013;USA;BOK Financial Corporation;6481145;13220077;864410;1423218;4601405;2203346.2;766900.83;0
2014;USA;BOK Financial Corporation;10683031;40199669;800000;6004968;24385740;8039933.8;4877148;0
2009;USA;BOL Bancshares, Inc.;;;;;;;;
2010;USA;BOL Bancshares, Inc.;;;;;;;;
2011;USA;BOL Bancshares, Inc.;;;;;;;;
2012;USA;BOL Bancshares, Inc.;;;;;;;;
2013;USA;BOL Bancshares, Inc.;;;;;;;;
2014;USA;BOL Bancshares, Inc.;;;;;;;;
2009;USA;Bank First Corporation;;;;;;;;
2010;USA;Bank First Corporation;;;;;;;;
2011;USA;Bank First Corporation;;;;;;;;
2012;USA;Bank First Corporation;;;;;;;;
2013;USA;Bank First Corporation;;;;;;;;
2014;USA;Bank First Corporation;;;;;;;;
2009;USA;Bank OZK;1127407;2910048;819837;819837;2386419;363756;298302.38;0
2010;USA;Bank OZK;2196523;4229859;893404;957007;2526999;604265.57;360999.86;180800
2011;USA;Bank OZK;2639224;5752174;1062500;1133001;3222295;958695.67;537049.17;233920
2012;USA;Bank OZK;3483389;7328618;1225000;1225000;3390000;1221436.3;565000;402360
2013;USA;Bank OZK;4311084;8502103;1730769;1730769;3960385;1700420.6;792077;357120
2014;USA;Bank OZK;5091829;11599698;1000000;2000000;5255432;2319939.6;1051086.4;428400
2008;USA;Bank of America Corporation;3629745;4908626;1449038;1449038;2204438;818104.33;367406.33;566301
2009;USA;Bank of America Corporation;2009124;3536467;1116346;1116346;2021306;707293.4;404261.2;0
2010;USA;Bank of America Corporation;2979893;4807722;1691871;1691871;2780884;961544.4;556176.8;0
2011;USA;Bank of America Corporation;1891554;5113101;1008884;1008884;2685553;1022620.2;537110.6;0
2012;USA;Bank of America Corporation;2573029;6310757;720000;1303743;3410933;1262151.4;682186.6;0
2013;USA;Bank of America Corporation;2466523;6466245;720000;1186927;3427838;1293249;685567.6;0
2014;USA;Bank of America Corporation;2669287;6995624;750000;1279400;3633343;1399124.8;726668.6;0
2009;USA;Bank of Hawaii Corporation;1368723;4903720;750000;1290000;4629000;980744;925800;0
2010;USA;Bank of Hawaii Corporation;2791588;9024895;673078;1423078;4538040;1804979;907608;0
2011;USA;Bank of Hawaii Corporation;2055209;5923359;680768;1630768;4516929;1184671.8;903385.8;244369
2012;USA;Bank of Hawaii Corporation;3970341;11497952;675000;2050000;5921886;1916325.3;986981;228897
2013;USA;Bank of Hawaii Corporation;3607426;10476764;754847;1954847;6027578;1746127.3;1004596.3;0
2014;USA;Bank of Hawaii Corporation;7868909;16312628;794424;2044424;6404864;3262525.6;1280972.8;0
2009;USA;Bank of Labor Bancshares, Inc.;;;;;;;;
2010;USA;Bank of Labor Bancshares, Inc.;;;;;;;;
2011;USA;Bank of Labor Bancshares, Inc.;;;;;;;;
2012;USA;Bank of Labor Bancshares, Inc.;;;;;;;;
2013;USA;Bank of Labor Bancshares, Inc.;;;;;;;;
2014;USA;Bank of Labor Bancshares, Inc.;;;;;;;;
2009;USA;Bank of New York Mellon Corporat;;;;;;;;
2010;USA;Bank of New York Mellon Corporat;;;;;;;;
2011;USA;Bank of New York Mellon Corporat;;;;;;;;
2012;USA;Bank of New York Mellon Corporat;;;;;;;;
2013;USA;Bank of New York Mellon Corporat;;;;;;;;
2014;USA;Bank of New York Mellon Corporat;;;;;;;;
2009;USA;Bank of Princeton;;;;;;;;
2010;USA;Bank of Princeton;;;;;;;;
2011;USA;Bank of Princeton;;;;;;;;
2012;USA;Bank of Princeton;;;;;;;;
2013;USA;Bank of Princeton;;;;;;;;
2014;USA;Bank of Princeton;;;;;;;;
2009;USA;Bank of Southside Virginia Corpo;;;;;;;;
2010;USA;Bank of Southside Virginia Corpo;;;;;;;;
2011;USA;Bank of Southside Virginia Corpo;;;;;;;;
2012;USA;Bank of Southside Virginia Corpo;;;;;;;;
2013;USA;Bank of Southside Virginia Corpo;;;;;;;;
2014;USA;Bank of Southside Virginia Corpo;;;;;;;;
2009;USA;BankGuam Holding Company;;;;;;;;
2010;USA;BankGuam Holding Company;;;;;;;;
2011;USA;BankGuam Holding Company;;;;;;;;
2012;USA;BankGuam Holding Company;;;;;;;;
2013;USA;BankGuam Holding Company;;;;;;;;
2014;USA;BankGuam Holding Company;;;;;;;;
2009;USA;Bar Harbor Bankshares;633915;1290785;314520;365354;933790;322696.25;233447.5;0
2010;USA;Bar Harbor Bankshares;662698;1370386;343343;438577;1050302;342596.5;262575.5;0
2011;USA;Bar Harbor Bankshares;481988;1556627;341581;434240;1221229;311325.4;244245.8;0
2012;USA;Bar Harbor Bankshares;806603;1933139;351805;464961;1375465;386627.8;275093;0
2013;USA;Bar Harbor Bankshares;997054;2249040;438040;673195;1601024;374840;266837.33;0
2014;USA;Bar Harbor Bankshares;821593;2374740;412500;643484;1670296;395790;278382.67;0
2009;USA;Beneficial Bancorp, Inc.;1050320;3191543;485000;535000;2197891;398942.88;274736.38;
2010;USA;Beneficial Bancorp, Inc.;1050320;3456262;485000;535000;2362771;384029.11;262530.11;
2011;USA;Beneficial Bancorp, Inc.;1050320;4552597;485000;535000;2960063;505844.11;328895.89;
2012;USA;Beneficial Bancorp, Inc.;1050320;4916133;485000;535000;2884365;702304.71;412052.14;
2013;USA;Beneficial Bancorp, Inc.;1050320;3378552;485000;535000;1985793;675710.4;397158.6;
2014;USA;Beneficial Bancorp, Inc.;1050320;4552286;485000;535000;2550002;758714.33;425000.33;
2009;USA;Benton Financial Corporation;;;;;;;;
2010;USA;Benton Financial Corporation;;;;;;;;
2011;USA;Benton Financial Corporation;;;;;;;;
2012;USA;Benton Financial Corporation;;;;;;;;
2013;USA;Benton Financial Corporation;;;;;;;;
2014;USA;Benton Financial Corporation;;;;;;;;
2009;USA;Berkshire Bancorp Inc.;564945;1521826;241500;286500;1189918;507275.33;396639.33;0
2010;USA;Berkshire Bancorp Inc.;305000;1301218;250000;305000;1267043;433739.33;422347.67;0
2011;USA;Berkshire Bancorp Inc.;305000;1358586;250000;305000;1323517;452862;441172.33;0
2012;USA;Berkshire Bancorp Inc.;350000;1506092;250000;350000;1469438;502030.67;489812.67;0
2013;USA;Berkshire Bancorp Inc.;350000;1506092;250000;350000;1469438;502030.67;489812.67;0
2014;USA;Berkshire Bancorp Inc.;350000;1506092;250000;350000;1469438;502030.67;489812.67;0
2009;USA;Blackhawk Bancorp, Inc.;;;;;;;;
2010;USA;Blackhawk Bancorp, Inc.;;;;;;;;
2011;USA;Blackhawk Bancorp, Inc.;;;;;;;;
2012;USA;Blackhawk Bancorp, Inc.;;;;;;;;
2013;USA;Blackhawk Bancorp, Inc.;;;;;;;;
2014;USA;Blackhawk Bancorp, Inc.;;;;;;;;
2009;USA;Boston Private Financial Holding;2109286;5867809;650000;1000000;4069552;1173561.8;813910.4;0
2010;USA;Boston Private Financial Holding;7011469;11705450;731781;1020781;4088558;1950908.3;681426.33;0
2011;USA;Boston Private Financial Holding;2832442;10115591;675000;1822500;6221833;2023118.2;1244366.6;0
2012;USA;Boston Private Financial Holding;2483835;9273583;675000;1455500;5694896;1545597.2;949149.33;0
2013;USA;Boston Private Financial Holding;2731661;7544042;675000;1518800;4828050;1508808.4;965610;0
2014;USA;Boston Private Financial Holding;4686932;11890755;675000;1603100;6619164;1981792.5;1103194;0
2009;USA;Bridge Bancorp, Inc.;;;;;;;;
2010;USA;Bridge Bancorp, Inc.;;;;;;;;
2011;USA;Bridge Bancorp, Inc.;;;;;;;;
2012;USA;Bridge Bancorp, Inc.;;;;;;;;
2013;USA;Bridge Bancorp, Inc.;;;;;;;;
2014;USA;Bridge Bancorp, Inc.;;;;;;;;
2009;USA;Burke & Herbert Bank & Trust Com;;;;;;;;
2010;USA;Burke & Herbert Bank & Trust Com;;;;;;;;
2011;USA;Burke & Herbert Bank & Trust Com;;;;;;;;
2012;USA;Burke & Herbert Bank & Trust Com;;;;;;;;
2013;USA;Burke & Herbert Bank & Trust Com;;;;;;;;
2014;USA;Burke & Herbert Bank & Trust Com;;;;;;;;
2009;USA;CB Financial Services, Inc.;;;;;;;;
2010;USA;CB Financial Services, Inc.;;;;;;;;
2011;USA;CB Financial Services, Inc.;;;;;;;;
2012;USA;CB Financial Services, Inc.;;;;;;;;
2013;USA;CB Financial Services, Inc.;;;;;;;;
2014;USA;CB Financial Services, Inc.;;;;;;;;
2009;USA;CBC Holding Company;;;;;;;;
2010;USA;CBC Holding Company;;;;;;;;
2011;USA;CBC Holding Company;;;;;;;;
2012;USA;CBC Holding Company;;;;;;;;
2013;USA;CBC Holding Company;;;;;;;;
2014;USA;CBC Holding Company;;;;;;;;
2009;USA;CCF Holding Company;;;;;;;;
2010;USA;CCF Holding Company;;;;;;;;
2011;USA;CCF Holding Company;;;;;;;;
2012;USA;CCF Holding Company;;;;;;;;
2013;USA;CCF Holding Company;;;;;;;;
2014;USA;CCF Holding Company;;;;;;;;
2009;USA;CCFNB Bancorp, Inc.;276146;674552;190000;226880;539223;224850.67;179741;0
2010;USA;CCFNB Bancorp, Inc.;293808;725209;193800;243400;577599;241736.33;192533;0
2011;USA;CCFNB Bancorp, Inc.;305726;754474;197676;251678;596102;251491.33;198700.67;0
2012;USA;CCFNB Bancorp, Inc.;330307;822647;203606;273620;653392;274215.67;217797.33;0
2013;USA;CCFNB Bancorp, Inc.;304282;751447;208900;243900;585862;250482.33;195287.33;0
2014;USA;CCFNB Bancorp, Inc.;304282;751447;208900;243900;585862;250482.33;195287.33;0
2009;USA;CIB Marine Bancshares, Inc.;;;;;;;;
2010;USA;CIB Marine Bancshares, Inc.;;;;;;;;
2011;USA;CIB Marine Bancshares, Inc.;;;;;;;;
2012;USA;CIB Marine Bancshares, Inc.;;;;;;;;
2013;USA;CIB Marine Bancshares, Inc.;;;;;;;;
2014;USA;CIB Marine Bancshares, Inc.;;;;;;;;
2009;USA;CNB Corporation;;;;;;;;
2010;USA;CNB Corporation;;;;;;;;
2011;USA;CNB Corporation;;;;;;;;
2012;USA;CNB Corporation;;;;;;;;
2013;USA;CNB Corporation;;;;;;;;
2014;USA;CNB Corporation;;;;;;;;
2009;USA;CNB Financial Corporation;1335887;2652581;286000;400400;1172344;530516.2;234468.8;0
2010;USA;CNB Financial Corporation;545621;1467089;250000;350000;1024150;293417.8;204830;0
2011;USA;CNB Financial Corporation;674475;1799932;290000;406000;1161430;299988.67;193571.67;0
2012;USA;CNB Financial Corporation;725044;2001180;350000;481250;1286825;400236;257365;0
2013;USA;CNB Financial Corporation;853987;2353144;400000;540000;1666547;392190.67;277757.83;0
2014;USA;CNB Financial Corporation;875867;2194446;432000;550800;1532500;438889.2;306500;0
2009;USA;CSB Bancorp, Inc.;;;;;;;;
2010;USA;CSB Bancorp, Inc.;;;;;;;;
2011;USA;CSB Bancorp, Inc.;;;;;;;;
2012;USA;CSB Bancorp, Inc.;;;;;;;;
2013;USA;CSB Bancorp, Inc.;;;;;;;;
2014;USA;CSB Bancorp, Inc.;;;;;;;;
2009;USA;CVB Financial Corp.;1322094;61782731;1000000;1000000;28611502;8826104.4;4087357.4;0
2010;USA;CVB Financial Corp.;20816289;1.143e+08;1000000;6000000;39206666;14284928;4900833.3;6244300
2011;USA;CVB Financial Corp.;23105415;84671337;1416667;5916667;26425001;16934267;5285000.2;5000000
2012;USA;CVB Financial Corp.;18717013;77614931;1500000;1500000;25751631;15522986;5150326.2;5000000
2013;USA;CVB Financial Corp.;11791833;86694342;1500000;1500000;35147609;14449057;5857934.8;0
2014;USA;CVB Financial Corp.;27701709;85366130;1500000;8900000;35065796;17073226;7013159.2;0
2009;USA;CalWest Bancorp;;;;;;;;
2010;USA;CalWest Bancorp;;;;;;;;
2011;USA;CalWest Bancorp;;;;;;;;
2012;USA;CalWest Bancorp;;;;;;;;
2013;USA;CalWest Bancorp;;;;;;;;
2014;USA;CalWest Bancorp;;;;;;;;
2009;USA;Calvin B. Taylor Bankshares, Inc;287594;713217;243000;252720;629026;178304.25;157256.5;0
2010;USA;Calvin B. Taylor Bankshares, Inc;281444;694817;243000;252720;621164;173704.25;155291;0
2011;USA;Calvin B. Taylor Bankshares, Inc;281312;682191;243000;252720;604301;170547.75;151075.25;0
2012;USA;Calvin B. Taylor Bankshares, Inc;282064;526481;243000;252720;477146;175493.67;159048.67;0
2013;USA;Calvin B. Taylor Bankshares, Inc;;;;;;;;
2014;USA;Calvin B. Taylor Bankshares, Inc;;;;;;;;
2009;USA;Cambridge Bancorp;;;;;;;;
2010;USA;Cambridge Bancorp;;;;;;;;
2011;USA;Cambridge Bancorp;;;;;;;;
2012;USA;Cambridge Bancorp;;;;;;;;
2013;USA;Cambridge Bancorp;;;;;;;;
2014;USA;Cambridge Bancorp;;;;;;;;
2009;USA;Camden National Corporation;1452788;961653;310000;410000;692182;192330.6;138436.4;0
2010;USA;Camden National Corporation;631323;1963901;295193;389273;1252687;392780.2;250537.4;0
2011;USA;Camden National Corporation;796746;2278237;312116;461932;1471567;455647.4;294313.4;0
2012;USA;Camden National Corporation;986362;2644907;375577;546377;1647353;528981.4;329470.6;0
2013;USA;Camden National Corporation;745341;2474449;398077;517277;1730728;412408.17;288454.67;0
2014;USA;Camden National Corporation;1094946;3336503;432308;625982;2019465;417062.88;252433.13;0
2009;USA;Capital One Financial Corporatio;;;;;;;;
2010;USA;Capital One Financial Corporatio;;;;;;;;
2011;USA;Capital One Financial Corporatio;;;;;;;;
2012;USA;Capital One Financial Corporatio;;;;;;;;
2013;USA;Capital One Financial Corporatio;;;;;;;;
2014;USA;Capital One Financial Corporatio;;;;;;;;
2009;USA;Capitol Federal Financial, Inc.;808360;2503574;516308;666616;2027306;417262.33;337884.33;
2010;USA;Capitol Federal Financial, Inc.;941805;2565092;530414;794808;1915120;513018.4;383024;
2011;USA;Capitol Federal Financial, Inc.;995653;2418238;533117;794917;1974082;483647.6;394816.4;0
2012;USA;Capitol Federal Financial, Inc.;1783232;4376073;539865;837403;2119280;875214.6;423856;238592
2013;USA;Capitol Federal Financial, Inc.;1023473;2239397;555983;767821;1691559;559849.25;422889.75;0
2014;USA;Capitol Federal Financial, Inc.;991137;2036621;581484;839384;1770902;509155.25;442725.5;0
2009;USA;Carroll Bancorp, Inc.;;;;;;;;
2010;USA;Carroll Bancorp, Inc.;;;;;;;;
2011;USA;Carroll Bancorp, Inc.;;;;;;;;
2012;USA;Carroll Bancorp, Inc.;;;;;;;;
2013;USA;Carroll Bancorp, Inc.;;;;;;;;
2014;USA;Carroll Bancorp, Inc.;;;;;;;;
2009;USA;Carter Bank & Trust;;;;;;;;
2010;USA;Carter Bank & Trust;;;;;;;;
2011;USA;Carter Bank & Trust;;;;;;;;
2012;USA;Carter Bank & Trust;;;;;;;;
2013;USA;Carter Bank & Trust;;;;;;;;
2014;USA;Carter Bank & Trust;;;;;;;;
2009;USA;Cashmere Valley Bank;;;;;;;;
2010;USA;Cashmere Valley Bank;;;;;;;;
2011;USA;Cashmere Valley Bank;;;;;;;;
2012;USA;Cashmere Valley Bank;;;;;;;;
2013;USA;Cashmere Valley Bank;;;;;;;;
2014;USA;Cashmere Valley Bank;;;;;;;;
2009;USA;Cathay General Bancorp;1024357;2367019;1000000;1000000;2304000;473403.8;460800;0
2010;USA;Cathay General Bancorp;1019102;2100477;1000000;1000000;2063000;525119.25;515750;0
2011;USA;Cathay General Bancorp;1520025;3566792;1000000;1000000;2348125;713358.4;469625;0
2012;USA;Cathay General Bancorp;2368644;5390877;1565000;1565000;3563175;1078175.4;712635;0
2013;USA;Cathay General Bancorp;4182036;9530782;1848846;2148846;4575703;1906156.4;915140.6;0
2014;USA;Cathay General Bancorp;3320452;7007999;1003846;2083846;4335757;1401599.8;867151.4;0
2009;USA;CenterState Bank Corporation;1512819;2263542;947400;1100967;1762345;323363.14;251763.57;586850
2010;USA;CenterState Bank Corporation;1705604;3632982;612500;740133;1585118;605497;264186.33;0
2011;USA;CenterState Bank Corporation;1290075;2188771;629583;937156;1685698;437754.2;337139.6;0
2012;USA;CenterState Bank Corporation;1544729;2607359;642000;1155679;2019503;521471.8;403900.6;0
2013;USA;CenterState Bank Corporation;1451959;2613976;668000;1032782;1873534;522795.2;374706.8;0
2014;USA;CenterState Bank Corporation;3011295;4655473;873167;1034471;2068125;931094.6;413625;0
2009;USA;Central Bancompany, Inc.;;;;;;;;
2010;USA;Central Bancompany, Inc.;;;;;;;;
2011;USA;Central Bancompany, Inc.;;;;;;;;
2012;USA;Central Bancompany, Inc.;;;;;;;;
2013;USA;Central Bancompany, Inc.;;;;;;;;
2014;USA;Central Bancompany, Inc.;;;;;;;;
2009;USA;Central Bancshares, Inc.;;;;;;;;
2010;USA;Central Bancshares, Inc.;;;;;;;;
2011;USA;Central Bancshares, Inc.;;;;;;;;
2012;USA;Central Bancshares, Inc.;;;;;;;;
2013;USA;Central Bancshares, Inc.;;;;;;;;
2014;USA;Central Bancshares, Inc.;;;;;;;;
2009;USA;Central Valley Community Bancorp;493055;1650539;295000;430850;1431796;275089.83;238632.67;0
2010;USA;Central Valley Community Bancorp;524026;1713712;295000;448750;1448642;285618.67;241440.33;12933
2011;USA;Central Valley Community Bancorp;549842;1628509;295000;480000;1420153;325701.8;284030.6;0
2012;USA;Central Valley Community Bancorp;584957;1732704;305000;495000;1458855;346540.8;291771;16967
2013;USA;Central Valley Community Bancorp;627094;1817299;315000;545000;1556848;363459.8;311369.6;0
2014;USA;Central Valley Community Bancorp;704598;3446940;325000;501000;1782662;574490;297110.33;0
2009;USA;Century Bancorp, Inc.;3581194;8751384;800000;800000;2725000;1458564;454166.67;920410
2010;USA;Century Bancorp, Inc.;3921160;8894209;800000;1628000;4118125;1778841.8;823625;814722
2011;USA;Century Bancorp, Inc.;4729490;10639783;830000;1614350;4816329;1519969;688047;790640
2012;USA;Century Bancorp, Inc.;4612860;10815844;860000;1672700;4857400;1802640.7;809566.67;772969
2013;USA;Century Bancorp, Inc.;4693166;11577598;895000;1790000;6190000;1653942.6;884285.71;769690
2014;USA;Century Bancorp, Inc.;4772081;12930446;920000;1840000;6372000;1847206.6;910285.71;1207323
2009;USA;Century Financial Corporation;;;;;;;;
2010;USA;Century Financial Corporation;;;;;;;;
2011;USA;Century Financial Corporation;;;;;;;;
2012;USA;Century Financial Corporation;;;;;;;;
2013;USA;Century Financial Corporation;;;;;;;;
2014;USA;Century Financial Corporation;;;;;;;;
2009;USA;Chemung Financial Corporation;570587;1271120;363846;437038;984466;317780;246116.5;0
2010;USA;Chemung Financial Corporation;647233;1517970;376077;489927;1050360;379492.5;262590;0
2011;USA;Chemung Financial Corporation;715508;1589766;389000;508450;1075070;317953.2;215014;0
2012;USA;Chemung Financial Corporation;888978;2566947;404000;546000;1604722;427824.5;267453.67;0
2013;USA;Chemung Financial Corporation;871004;2339556;428988;578987;1685280;292444.5;210660;0
2014;USA;Chemung Financial Corporation;1065018;2947939;425458;537958;1734794;491323.17;289132.33;0
2009;USA;Chester Bancorp, Inc.;;;;;;;;
2010;USA;Chester Bancorp, Inc.;;;;;;;;
2011;USA;Chester Bancorp, Inc.;;;;;;;;
2012;USA;Chester Bancorp, Inc.;;;;;;;;
2013;USA;Chester Bancorp, Inc.;;;;;;;;
2014;USA;Chester Bancorp, Inc.;;;;;;;;
2009;USA;Chino Commercial Bancorp;;;;;;;;
2010;USA;Chino Commercial Bancorp;;;;;;;;
2011;USA;Chino Commercial Bancorp;;;;;;;;
2012;USA;Chino Commercial Bancorp;;;;;;;;
2013;USA;Chino Commercial Bancorp;;;;;;;;
2014;USA;Chino Commercial Bancorp;;;;;;;;
2009;USA;Citigroup Inc.;128751;44916463;125001;125001;2403913;6416637.6;343416.14;0
2010;USA;Citigroup Inc.;8022761;32377918;500001;3900001;5446967;6475583.6;1089393.4;0
2011;USA;Citigroup Inc.;25515755;68462588;2171370;10502822;27331002;11410431;4555167;9879417
2012;USA;Citigroup Inc.;21932198;73371534;2799188;13897865;52212123;10481648;7458874.7;0
2013;USA;Citigroup Inc.;17558119;72366455;1500000;9623069;47391454;14473291;9478290.8;0
2014;USA;Citigroup Inc.;14457199;61543168;1500000;6706924;31078450;12308634;6215690;0
2009;USA;Citizens & Northern Corporation;443694;1563961;348000;348000;1168741;260660.17;194790.17;32754
2010;USA;Citizens & Northern Corporation;709571;1690899;301133;481813;1362160;338179.8;272432;0
2011;USA;Citizens & Northern Corporation;768142;1901295;316133;505813;1394824;380259;278964.8;42591
2012;USA;Citizens & Northern Corporation;824723;2100878;331940;531104;1464773;420175.6;292954.6;73182
2013;USA;Citizens & Northern Corporation;783100;2116486;365134;539702;1500599;423297.2;300119.8;80064
2014;USA;Citizens & Northern Corporation;1572214;2622515;533327;635760;1437330;437085.83;239555;76731
2009;USA;Citizens Bancshares Corporation;392114;1185591;235000;235000;841000;237118.2;168200;0
2010;USA;Citizens Bancshares Corporation;367411;1141183;235000;235000;860260;228236.6;172052;0
2011;USA;Citizens Bancshares Corporation;532116;1560901;293546;293546;969239;312180.2;193847.8;0
2012;USA;Citizens Bancshares Corporation;589220;1866027;320000;320000;1112057;373205.4;222411.4;0
2013;USA;Citizens Bancshares Corporation;476930;2169889;320000;370000;1199444;433977.8;239888.8;0
2014;USA;Citizens Bancshares Corporation;623582;1942368;320000;370000;1305986;388473.6;261197.2;0
2009;USA;Citizens Financial Corp.;;;;;;;;
2010;USA;Citizens Financial Corp.;;;;;;;;
2011;USA;Citizens Financial Corp.;;;;;;;;
2012;USA;Citizens Financial Corp.;;;;;;;;
2013;USA;Citizens Financial Corp.;;;;;;;;
2014;USA;Citizens Financial Corp.;;;;;;;;
2009;USA;Citizens Financial Services, Inc;315397;837112;210000;247786;691089;209278;172772.25;
2010;USA;Citizens Financial Services, Inc;512291;1441941;235000;288308;882472;288388.2;176494.4;0
2011;USA;Citizens Financial Services, Inc;459207;1380715;256154;350130;1015141;276143;203028.2;0
2012;USA;Citizens Financial Services, Inc;453008;1299615;283846;365988;1041488;259923;208297.6;0
2013;USA;Citizens Financial Services, Inc;440700;1346957;312308;317308;949802;269391.4;189960.4;0
2014;USA;Citizens Financial Services, Inc;397218;1158680;329231;332231;991855;231736;198371;0
2009;USA;Citizens Holding Company;382868;657431;238392;281636;432862;328715.5;216431;0
2010;USA;Citizens Holding Company;402297;646737;250311;316581;488891;323368.5;244445.5;0
2011;USA;Citizens Holding Company;504605;822801;262826;338848;519523;411400.5;259761.5;0
2012;USA;Citizens Holding Company;432883;704183;262826;321147;495601;352091.5;247800.5;0
2013;USA;Citizens Holding Company;442264;719915;268082;332723;512477;359957.5;256238.5;0
2014;USA;Citizens Holding Company;454944;741375;273444;333260;514458;370687.5;257229;0
2009;USA;Citizens National Bancshares of;;;;;;;;
2010;USA;Citizens National Bancshares of;;;;;;;;
2011;USA;Citizens National Bancshares of;;;;;;;;
2012;USA;Citizens National Bancshares of;;;;;;;;
2013;USA;Citizens National Bancshares of;;;;;;;;
2014;USA;Citizens National Bancshares of;;;;;;;;
2009;USA;Citizens National Corporation;;;;;;;;
2010;USA;Citizens National Corporation;;;;;;;;
2011;USA;Citizens National Corporation;;;;;;;;
2012;USA;Citizens National Corporation;;;;;;;;
2013;USA;Citizens National Corporation;;;;;;;;
2014;USA;Citizens National Corporation;;;;;;;;
2009;USA;Clatsop Community Bank;;;;;;;;
2010;USA;Clatsop Community Bank;;;;;;;;
2011;USA;Clatsop Community Bank;;;;;;;;
2012;USA;Clatsop Community Bank;;;;;;;;
2013;USA;Clatsop Community Bank;;;;;;;;
2014;USA;Clatsop Community Bank;;;;;;;;
2009;USA;Commerce Bancshares, Inc.;1076508;3727109;741600;742200;2821883;745421.8;564376.6;0
2010;USA;Commerce Bancshares, Inc.;1795728;8869037;838260;838260;3378382;1478172.8;563063.67;0
2011;USA;Commerce Bancshares, Inc.;2552311;8194105;1316282;1316282;3957814;1365684.2;659635.67;0
2012;USA;Commerce Bancshares, Inc.;2685472;6619982;1400000;1400000;3630000;1323996.4;726000;0
2013;USA;Commerce Bancshares, Inc.;2466290;6557821;1400000;1400000;4046138;1092970.2;674356.33;0
2014;USA;Commerce Bancshares, Inc.;5650479;12544654;1400000;2683523;6241571;2508930.8;1248314.2;0
2009;USA;CommerceWest Bank;;;;;;;;
2010;USA;CommerceWest Bank;;;;;;;;
2011;USA;CommerceWest Bank;;;;;;;;
2012;USA;CommerceWest Bank;;;;;;;;
2013;USA;CommerceWest Bank;;;;;;;;
2014;USA;CommerceWest Bank;;;;;;;;
2009;USA;Commercial National Financial Co;;555671;;;498312;138917.75;124578;
2010;USA;Commercial National Financial Co;;293201;;;256808;293201;256808;
2011;USA;Commercial National Financial Co;;550373;;;499791;183457.67;166597;
2012;USA;Commercial National Financial Co;;550373;;;499791;183457.67;166597;
2013;USA;Commercial National Financial Co;;550373;;;499791;183457.67;166597;
2014;USA;Commercial National Financial Co;;550373;;;499791;183457.67;166597;
2009;USA;Communities First Financial Corp;;;;;;;;
2010;USA;Communities First Financial Corp;;;;;;;;
2011;USA;Communities First Financial Corp;;;;;;;;
2012;USA;Communities First Financial Corp;;;;;;;;
2013;USA;Communities First Financial Corp;;;;;;;;
2014;USA;Communities First Financial Corp;;;;;;;;
2009;USA;Community Bank System, Inc.;;;;;;;;
2010;USA;Community Bank System, Inc.;;;;;;;;
2011;USA;Community Bank System, Inc.;;;;;;;;
2012;USA;Community Bank System, Inc.;;;;;;;;
2013;USA;Community Bank System, Inc.;;;;;;;;
2014;USA;Community Bank System, Inc.;;;;;;;;
2009;USA;Community Bank of the Bay;;;;;;;;
2010;USA;Community Bank of the Bay;;;;;;;;
2011;USA;Community Bank of the Bay;;;;;;;;
2012;USA;Community Bank of the Bay;;;;;;;;
2013;USA;Community Bank of the Bay;;;;;;;;
2014;USA;Community Bank of the Bay;;;;;;;;
2009;USA;Community Bankers Trust Corporat;382390;1334841;250000;285000;1142500;266968.2;228500;0
2010;USA;Community Bankers Trust Corporat;407018;4340370;230000;230000;4001084;723395;666847.33;0
2011;USA;Community Bankers Trust Corporat;238634;903070;205000;205000;735600;225767.5;183900;17938
2012;USA;Community Bankers Trust Corporat;250106;1173405;230000;230000;1028456;234681;205691.2;2607
2013;USA;Community Bankers Trust Corporat;414838;1106077;325000;325000;917150;276519.25;229287.5;0
2014;USA;Community Bankers Trust Corporat;497329;1828588;375000;475000;1448977;304764.67;241496.17;0
2009;USA;Community Bankers' Corporation;;;;;;;;
2010;USA;Community Bankers' Corporation;;;;;;;;
2011;USA;Community Bankers' Corporation;;;;;;;;
2012;USA;Community Bankers' Corporation;;;;;;;;
2013;USA;Community Bankers' Corporation;;;;;;;;
2014;USA;Community Bankers' Corporation;;;;;;;;
2009;USA;Community Capital Bancshares, In;;;;;;;;
2010;USA;Community Capital Bancshares, In;;;;;;;;
2011;USA;Community Capital Bancshares, In;;;;;;;;
2012;USA;Community Capital Bancshares, In;;;;;;;;
2013;USA;Community Capital Bancshares, In;;;;;;;;
2014;USA;Community Capital Bancshares, In;;;;;;;;
2009;USA;Community First Bancorporation;;;;0;0;;;
2010;USA;Community First Bancorporation;;;;0;0;;;
2011;USA;Community First Bancorporation;;;;0;0;;;
2012;USA;Community First Bancorporation;;;;0;0;;;
2013;USA;Community First Bancorporation;;;;;;;;
2014;USA;Community First Bancorporation;;;;;;;;
2009;USA;Comunibanc Corp.;;;;;;;;
2010;USA;Comunibanc Corp.;;;;;;;;
2011;USA;Comunibanc Corp.;;;;;;;;
2012;USA;Comunibanc Corp.;;;;;;;;
2013;USA;Comunibanc Corp.;;;;;;;;
2014;USA;Comunibanc Corp.;;;;;;;;
2009;USA;ConnectOne Bancorp, Inc.;287775;1304965;250000;250000;1176408;163120.63;147051;0
2010;USA;ConnectOne Bancorp, Inc.;362626;1119521;294000;294000;991018;159931.57;141574;0
2011;USA;ConnectOne Bancorp, Inc.;523182;1528923;341324;414584;1316331;218417.57;188047.29;0
2012;USA;ConnectOne Bancorp, Inc.;489633;1648417;366300;366300;1389025;235488.14;198432.14;0
2013;USA;ConnectOne Bancorp, Inc.;674212;1915529;418300;603300;1726761;273647;246680.14;0
2014;USA;ConnectOne Bancorp, Inc.;3359953;5781251;506650;685150;2116519;525568.27;192410.82;0
2009;USA;Consumers Bancorp, Inc.;254009;465601;209946;210946;414325;116400.25;103581.25;0
2010;USA;Consumers Bancorp, Inc.;242388;463187;175000;190299;402938;154395.67;134312.67;0
2011;USA;Consumers Bancorp, Inc.;254000;487146;181997;196724;421207;162382;140402.33;0
2012;USA;Consumers Bancorp, Inc.;272945;689007;191124;207076;544799;172251.75;136199.75;0
2013;USA;Consumers Bancorp, Inc.;292607;612155;202424;202424;436601;204051.67;145533.67;0
2014;USA;Consumers Bancorp, Inc.;298910;601990;213551;221432;478470;200663.33;159490;0
2009;USA;Cortland Bancorp;647412;1053249;323450;323450;607650;210649.8;121530;0
2010;USA;Cortland Bancorp;267227;655216;205200;205200;516270;218405.33;172090;0
2011;USA;Cortland Bancorp;279723;742598;205200;205200;543400;247532.67;181133.33;0
2012;USA;Cortland Bancorp;307394;1021837;226710;226710;729230;255459.25;182307.5;0
2013;USA;Cortland Bancorp;314403;825455;224910;224910;577005;275151.67;192335;0
2014;USA;Cortland Bancorp;341802;892809;224910;241760;632354;297603;210784.67;0
2009;USA;County Bank Corp;;;;;;;;
2010;USA;County Bank Corp;;;;;;;;
2011;USA;County Bank Corp;;;;;;;;
2012;USA;County Bank Corp;;;;;;;;
2013;USA;County Bank Corp;;;;;;;;
2014;USA;County Bank Corp;;;;;;;;
2009;USA;Cullen/Frost Bankers, Inc.;1265719;3651196;471700;652833;2076356;730239.2;415271.2;275501
2010;USA;Cullen/Frost Bankers, Inc.;1467265;4542057;454230;766513;2516866;757009.5;419477.67;96562
2011;USA;Cullen/Frost Bankers, Inc.;1549688;3988973;465149;793969;2479343;797794.6;495868.6;96024
2012;USA;Cullen/Frost Bankers, Inc.;1776799;4374837;620000;891250;2493975;874967.4;498795;138279
2013;USA;Cullen/Frost Bankers, Inc.;1635971;4754108;656000;1000000;2774667;950821.6;554933.4;147884
2014;USA;Cullen/Frost Bankers, Inc.;2146573;5605286;674040;1145868;3124297;1121057.2;624859.4;150961
2009;USA;DNB Financial Corporation;573790;1008637;322321;322321;740460;336212.33;246820;0
2010;USA;DNB Financial Corporation;495982;982160;322296;322296;748597;327386.67;249532.33;0
2011;USA;DNB Financial Corporation;688670;1201642;370000;455000;894000;400547.33;298000;0
2012;USA;DNB Financial Corporation;684993;1438610;370833;527889;1167394;359652.5;291848.5;0
2013;USA;DNB Financial Corporation;658087;1182152;390000;544079;999079;394050.67;333026.33;0
2014;USA;DNB Financial Corporation;712529;1258980;390000;565557;1029557;419660;343185.67;0
2009;USA;Delhi Bank Corp.;;;;;;;;
2010;USA;Delhi Bank Corp.;;;;;;;;
2011;USA;Delhi Bank Corp.;;;;;;;;
2012;USA;Delhi Bank Corp.;;;;;;;;
2013;USA;Delhi Bank Corp.;;;;;;;;
2014;USA;Delhi Bank Corp.;;;;;;;;
2009;USA;Denali Bancorporation, Inc.;;;;;;;;
2010;USA;Denali Bancorporation, Inc.;;;;;;;;
2011;USA;Denali Bancorporation, Inc.;;;;;;;;
2012;USA;Denali Bancorporation, Inc.;;;;;;;;
2013;USA;Denali Bancorporation, Inc.;;;;;;;;
2014;USA;Denali Bancorporation, Inc.;;;;;;;;
2009;USA;Diamond Bancshares, Inc.;;;;;;;;
2010;USA;Diamond Bancshares, Inc.;;;;;;;;
2011;USA;Diamond Bancshares, Inc.;;;;;;;;
2012;USA;Diamond Bancshares, Inc.;;;;;;;;
2013;USA;Diamond Bancshares, Inc.;;;;;;;;
2014;USA;Diamond Bancshares, Inc.;;;;;;;;
2009;USA;ENB Financial Corp;;;;;;;;
2010;USA;ENB Financial Corp;;;;;;;;
2011;USA;ENB Financial Corp;;;;;;;;
2012;USA;ENB Financial Corp;;;;;;;;
2013;USA;ENB Financial Corp;;;;;;;;
2014;USA;ENB Financial Corp;;;;;;;;
2009;USA;ES Bancshares, Inc.;;;;;;;;
2010;USA;ES Bancshares, Inc.;;;;;;;;
2011;USA;ES Bancshares, Inc.;;;;;;;;
2012;USA;ES Bancshares, Inc.;;;;;;;;
2013;USA;ES Bancshares, Inc.;;;;;;;;
2014;USA;ES Bancshares, Inc.;;;;;;;;
2009;USA;Eagle Bancorp Montana, Inc.;145357;477702;64257;77257;388368;159234;129456;
2010;USA;Eagle Bancorp Montana, Inc.;220311;515576;155000;180875;420491;171858.67;140163.67;
2011;USA;Eagle Bancorp Montana, Inc.;233013;540263;180000;202275;449375;180087.67;149791.67;0
2012;USA;Eagle Bancorp Montana, Inc.;480012;1029095;190800;209403;467281;343031.67;155760.33;0
2013;USA;Eagle Bancorp Montana, Inc.;328538;722522;234000;260775;572401;240840.67;190800.33;0
2014;USA;Eagle Bancorp Montana, Inc.;333640;792151;240000;261600;537863;264050.33;179287.67;0
2009;USA;East West Bancorp, Inc.;2519174;4108742;800000;800000;1934574;684790.33;322429;0
2010;USA;East West Bancorp, Inc.;5065607;7126277;3083333;3083333;4325716;1187712.8;720952.67;0
2011;USA;East West Bancorp, Inc.;10660204;16531317;3141667;5721667;10394542;3306263.4;2078908.4;0
2012;USA;East West Bancorp, Inc.;8222830;13155051;1000000;6125000;9555875;2631010.2;1911175;0
2013;USA;East West Bancorp, Inc.;5711271;10704278;1000000;3401500;6876220;2140855.6;1375244;0
2014;USA;East West Bancorp, Inc.;5859970;10678341;1000000;2540000;5962083;2135668.2;1192416.6;0
2009;USA;Empire Bancorp, Inc.;;;;;;;;
2010;USA;Empire Bancorp, Inc.;;;;;;;;
2011;USA;Empire Bancorp, Inc.;;;;;;;;
2012;USA;Empire Bancorp, Inc.;;;;;;;;
2013;USA;Empire Bancorp, Inc.;;;;;;;;
2014;USA;Empire Bancorp, Inc.;;;;;;;;
2009;USA;Empire Bancshares, Inc.;;;;;;;;
2010;USA;Empire Bancshares, Inc.;;;;;;;;
2011;USA;Empire Bancshares, Inc.;;;;;;;;
2012;USA;Empire Bancshares, Inc.;;;;;;;;
2013;USA;Empire Bancshares, Inc.;;;;;;;;
2014;USA;Empire Bancshares, Inc.;;;;;;;;
2009;USA;Exchange Bankshares, Inc.;;;;;;;;
2010;USA;Exchange Bankshares, Inc.;;;;;;;;
2011;USA;Exchange Bankshares, Inc.;;;;;;;;
2012;USA;Exchange Bankshares, Inc.;;;;;;;;
2013;USA;Exchange Bankshares, Inc.;;;;;;;;
2014;USA;Exchange Bankshares, Inc.;;;;;;;;
2009;USA;F&M Bancorp;;;;;;;;
2010;USA;F&M Bancorp;;;;;;;;
2011;USA;F&M Bancorp;;;;;;;;
2012;USA;F&M Bancorp;;;;;;;;
2013;USA;F&M Bancorp;;;;;;;;
2014;USA;F&M Bancorp;;;;;;;;
2009;USA;FCN Banc Corp.;;;;;;;;
2010;USA;FCN Banc Corp.;;;;;;;;
2011;USA;FCN Banc Corp.;;;;;;;;
2012;USA;FCN Banc Corp.;;;;;;;;
2013;USA;FCN Banc Corp.;;;;;;;;
2014;USA;FCN Banc Corp.;;;;;;;;
2009;USA;FNB Bancorp, Inc.;;;;;;;;
2010;USA;FNB Bancorp, Inc.;;;;;;;;
2011;USA;FNB Bancorp, Inc.;;;;;;;;
2012;USA;FNB Bancorp, Inc.;;;;;;;;
2013;USA;FNB Bancorp, Inc.;;;;;;;;
2014;USA;FNB Bancorp, Inc.;;;;;;;;
2009;USA;FNB, Inc.;;;;;;;;
2010;USA;FNB, Inc.;;;;;;;;
2011;USA;FNB, Inc.;;;;;;;;
2012;USA;FNB, Inc.;;;;;;;;
2013;USA;FNB, Inc.;;;;;;;;
2014;USA;FNB, Inc.;;;;;;;;
2009;USA;FVCBankcorp, Inc.;;;;;;;;
2010;USA;FVCBankcorp, Inc.;;;;;;;;
2011;USA;FVCBankcorp, Inc.;;;;;;;;
2012;USA;FVCBankcorp, Inc.;;;;;;;;
2013;USA;FVCBankcorp, Inc.;;;;;;;;
2014;USA;FVCBankcorp, Inc.;;;;;;;;
2009;USA;Farmers & Merchants Bank of Long;;;;;;;;
2010;USA;Farmers & Merchants Bank of Long;;;;;;;;
2011;USA;Farmers & Merchants Bank of Long;;;;;;;;
2012;USA;Farmers & Merchants Bank of Long;;;;;;;;
2013;USA;Farmers & Merchants Bank of Long;;;;;;;;
2014;USA;Farmers & Merchants Bank of Long;;;;;;;;
2009;USA;Farmers Bancorp;;;;;;;;
2010;USA;Farmers Bancorp;;;;;;;;
2011;USA;Farmers Bancorp;;;;;;;;
2012;USA;Farmers Bancorp;;;;;;;;
2013;USA;Farmers Bancorp;;;;;;;;
2014;USA;Farmers Bancorp;;;;;;;;
2009;USA;Farmers Bank of Appomattox;;;;;;;;
2010;USA;Farmers Bank of Appomattox;;;;;;;;
2011;USA;Farmers Bank of Appomattox;;;;;;;;
2012;USA;Farmers Bank of Appomattox;;;;;;;;
2013;USA;Farmers Bank of Appomattox;;;;;;;;
2014;USA;Farmers Bank of Appomattox;;;;;;;;
2009;USA;Farmers National Banc Corp.;282939;999535;250600;268800;963582;199907;192716.4;0
2010;USA;Farmers National Banc Corp.;803944;1340961;509350;638955;1149025;268192.2;229805;0
2011;USA;Farmers National Banc Corp.;398331;1432072;275603;383891;1346325;238678.67;224387.5;0
2012;USA;Farmers National Banc Corp.;389522;1420293;293020;374666;1364341;236715.5;227390.17;0
2013;USA;Farmers National Banc Corp.;543533;1476241;439942;513981;1409856;246040.17;234976;0
2014;USA;Farmers National Banc Corp.;591885;1857316;268750;469057;1524766;371463.2;304953.2;0
2009;USA;Federal Home Loan Bank of Cincin;;;;;;;;
2010;USA;Federal Home Loan Bank of Cincin;;;;;;;;
2011;USA;Federal Home Loan Bank of Cincin;;;;;;;;
2012;USA;Federal Home Loan Bank of Cincin;;;;;;;;
2013;USA;Federal Home Loan Bank of Cincin;;;;;;;;
2014;USA;Federal Home Loan Bank of Cincin;;;;;;;;
2009;USA;Federal Home Loan Bank of Topeka;;;;;;;;
2010;USA;Federal Home Loan Bank of Topeka;;;;;;;;
2011;USA;Federal Home Loan Bank of Topeka;;;;;;;;
2012;USA;Federal Home Loan Bank of Topeka;;;;;;;;
2013;USA;Federal Home Loan Bank of Topeka;;;;;;;;
2014;USA;Federal Home Loan Bank of Topeka;;;;;;;;
2009;USA;Federal Home Loan Banks Office o;;;;;;;;
2010;USA;Federal Home Loan Banks Office o;;;;;;;;
2011;USA;Federal Home Loan Banks Office o;;;;;;;;
2012;USA;Federal Home Loan Banks Office o;;;;;;;;
2013;USA;Federal Home Loan Banks Office o;;;;;;;;
2014;USA;Federal Home Loan Banks Office o;;;;;;;;
2009;USA;Federal Home Loan Mortgage Corpo;6087365;35639147;0;0;10450000;7127829.4;2090000;4000001
2010;USA;Federal Home Loan Mortgage Corpo;14859688;27838564;0;0;4000000;5567712.8;800000;6500009
2011;USA;Federal Home Loan Mortgage Corpo;18668058;43975659;0;0;3871833;8795131.8;774366.6;8003906
2012;USA;Federal Home Loan Mortgage Corpo;22605374;47459056;0;2191050;6328980;9491811.2;1265796;4375009
2013;USA;Federal Home Loan Mortgage Corpo;18324525;52680920;0;2843750;8423519;8780153.3;1403919.8;4375012
2014;USA;Federal Home Loan Mortgage Corpo;19636474;44159068;0;4410000;8940615;8831813.6;1788123;1750000
2009;USA;Federal National Mortgage Associ;7011664;22334655;860523;5778823;20188525;2791831.9;2523565.6;0
2010;USA;Federal National Mortgage Associ;5594456;15419003;2450000;4745000;12813606;2569833.8;2135601;0
2011;USA;Federal National Mortgage Associ;6538100;20017894;2450000;5258500;16418067;3336315.7;2736344.5;0
2012;USA;Federal National Mortgage Associ;8273055;20538154;2124154;4393904;16077223;3423025.7;2679537.2;0
2013;USA;Federal National Mortgage Associ;687584;12341935;599615;599615;8463268;2056989.2;1410544.7;0
2014;USA;Federal National Mortgage Associ;648000;10837464;600000;600000;9996378;2167492.8;1999275.6;0
2009;USA;Feliciana Bank & Trust Company;;;;;;;;
2010;USA;Feliciana Bank & Trust Company;;;;;;;;
2011;USA;Feliciana Bank & Trust Company;;;;;;;;
2012;USA;Feliciana Bank & Trust Company;;;;;;;;
2013;USA;Feliciana Bank & Trust Company;;;;;;;;
2014;USA;Feliciana Bank & Trust Company;;;;;;;;
2009;USA;Fentura Financial, Inc.;;;;;;;;
2010;USA;Fentura Financial, Inc.;;;;;;;;
2011;USA;Fentura Financial, Inc.;;;;;;;;
2012;USA;Fentura Financial, Inc.;;;;;;;;
2013;USA;Fentura Financial, Inc.;;;;;;;;
2014;USA;Fentura Financial, Inc.;;;;;;;;
2009;USA;Financial Institutions, Inc.;703919;3163703;413483;413483;1585815;451957.57;226545;0
2010;USA;Financial Institutions, Inc.;1015058;2983903;406132;406132;1416638;497317.17;236106.33;0
2011;USA;Financial Institutions, Inc.;1250485;3634498;420347;656824;2227062;605749.67;371177;0
2012;USA;Financial Institutions, Inc.;2018841;4071928;752495;904568;2021211;581704;288744.43;0
2013;USA;Financial Institutions, Inc.;778844;2848942;511529;642565;1858880;406991.71;265554.29;0
2014;USA;Financial Institutions, Inc.;851677;3340281;420000;655957;2042961;556713.5;340493.5;0
2009;USA;First Advantage Bancorp;236744;694880;195261;195261;575613;231626.67;191871;0
2010;USA;First Advantage Bancorp;325919;755981;221000;291720;660851;251993.67;220283.67;0
2011;USA;First Advantage Bancorp;354922;812310;223394;316380;703694;270770;234564.67;0
2012;USA;First Advantage Bancorp;339517;785899;221085;298045;668181;261966.33;222727;0
2013;USA;First Advantage Bancorp;339517;785899;221085;298045;668181;261966.33;222727;0
2014;USA;First Advantage Bancorp;339517;785899;221085;298045;668181;261966.33;222727;0
2009;USA;First BanCorp.;496073;1249598;345100;345100;1005358;249919.6;201071.6;66150
2010;USA;First BanCorp.;524788;1335089;360000;360000;1077961;267017.8;215592.2;0
2011;USA;First BanCorp.;601402;1548872;380000;380000;1162000;309774.4;232400;0
2012;USA;First BanCorp.;791475;2132858;404000;404000;1258000;426571.6;251600;0
2013;USA;First BanCorp.;771857;2147850;416000;498037;1528629;429570;305725.8;0
2014;USA;First BanCorp.;1206072;2717182;425000;591044;1816429;543436.4;363285.8;0
2009;USA;First Bancorp of Indiana, Inc.;;;;;;;;
2010;USA;First Bancorp of Indiana, Inc.;;;;;;;;
2011;USA;First Bancorp of Indiana, Inc.;;;;;;;;
2012;USA;First Bancorp of Indiana, Inc.;;;;;;;;
2013;USA;First Bancorp of Indiana, Inc.;;;;;;;;
2014;USA;First Bancorp of Indiana, Inc.;;;;;;;;
2009;USA;First Bank;;;;;;;;
2010;USA;First Bank;;;;;;;;
2011;USA;First Bank;;;;;;;;
2012;USA;First Bank;;;;;;;;
2013;USA;First Bank;;;;;;;;
2014;USA;First Bank;;;;;;;;
2009;USA;First Bank of Ohio;;;;;;;;
2010;USA;First Bank of Ohio;;;;;;;;
2011;USA;First Bank of Ohio;;;;;;;;
2012;USA;First Bank of Ohio;;;;;;;;
2013;USA;First Bank of Ohio;;;;;;;;
2014;USA;First Bank of Ohio;;;;;;;;
2009;USA;First Bankers Trustshares, Inc.;;;;;;;;
2010;USA;First Bankers Trustshares, Inc.;;;;;;;;
2011;USA;First Bankers Trustshares, Inc.;;;;;;;;
2012;USA;First Bankers Trustshares, Inc.;;;;;;;;
2013;USA;First Bankers Trustshares, Inc.;;;;;;;;
2014;USA;First Bankers Trustshares, Inc.;;;;;;;;
2009;USA;First Citizens Bancshares, Inc.;835485;4586126;749009;749009;3449488;764354.33;574914.67;0
2010;USA;First Citizens Bancshares, Inc.;1060656;5230538;856375;856375;3773082;871756.33;628847;0
2011;USA;First Citizens Bancshares, Inc.;1847107;8065034;875750;875750;4445592;1152147.7;635084.57;0
2012;USA;First Citizens Bancshares, Inc.;1411207;7445781;902875;902875;4384189;1063683;626312.71;0
2013;USA;First Citizens Bancshares, Inc.;1255225;4464269;943750;1243750;3989118;892853.8;797823.6;0
2014;USA;First Citizens Bancshares, Inc.;1926806;8351184;955000;1406954;5539988;1193026.3;791426.86;0
2009;USA;First Citizens National Bank of;;;;;;;;
2010;USA;First Citizens National Bank of;;;;;;;;
2011;USA;First Citizens National Bank of;;;;;;;;
2012;USA;First Citizens National Bank of;;;;;;;;
2013;USA;First Citizens National Bank of;;;;;;;;
2014;USA;First Citizens National Bank of;;;;;;;;
2009;USA;First Community Bankshares, Inc.;;473223;;;380000;236611.5;190000;
2010;USA;First Community Bankshares, Inc.;;492509;;;407000;246254.5;203500;
2011;USA;First Community Bankshares, Inc.;;719212;;;593400;239737.33;197800;
2012;USA;First Community Bankshares, Inc.;;813387;;;673400;271129;224466.67;
2013;USA;First Community Bankshares, Inc.;136633;1327068;73082;73082;864628;331767;216157;0
2014;USA;First Community Bankshares, Inc.;562601;1510136;200013;200013;977013;377534;244253.25;0
2009;USA;First Community Corporation;;;;;;;;
2010;USA;First Community Corporation;;;;;;;;
2011;USA;First Community Corporation;;;;;;;;
2012;USA;First Community Corporation;;;;;;;;
2013;USA;First Community Corporation;;;;;;;;
2014;USA;First Community Corporation;;;;;;;;
2009;USA;First Community Financial Corpor;;;;;;;;
2010;USA;First Community Financial Corpor;;;;;;;;
2011;USA;First Community Financial Corpor;;;;;;;;
2012;USA;First Community Financial Corpor;;;;;;;;
2013;USA;First Community Financial Corpor;;;;;;;;
2014;USA;First Community Financial Corpor;;;;;;;;
2009;USA;First Farmers and Merchants Corp;;;;;;;;
2010;USA;First Farmers and Merchants Corp;;;;;;;;
2011;USA;First Farmers and Merchants Corp;;;;;;;;
2012;USA;First Farmers and Merchants Corp;;;;;;;;
2013;USA;First Farmers and Merchants Corp;;;;;;;;
2014;USA;First Farmers and Merchants Corp;;;;;;;;
2009;USA;First Financial Bankshares, Inc.;677482;1716311;481667;513842;1326859;429077.75;331714.75;84950
2010;USA;First Financial Bankshares, Inc.;662649;1685343;495000;564300;1468575;421335.75;367143.75;0
2011;USA;First Financial Bankshares, Inc.;867464;2275614;536250;681485;1860696;455122.8;372139.2;59400
2012;USA;First Financial Bankshares, Inc.;739157;2271741;544500;601673;1880881;454348.2;376176.2;0
2013;USA;First Financial Bankshares, Inc.;984876;2924416;578250;666000;2059739;584883.2;411947.8;178500
2014;USA;First Financial Bankshares, Inc.;866141;2646620;626666;715566;2223273;529324;444654.6;0
2009;USA;First Financial Corporation;1526314;4724551;529655;1130655;3811096;590568.88;476387;0
2010;USA;First Financial Corporation;1421830;3916981;583890;1184334;3547043;652830.17;591173.83;0
2011;USA;First Financial Corporation;1960724;4419453;598049;935325;2982166;736575.5;497027.67;0
2012;USA;First Financial Corporation;2158696;4884269;607615;883460;2253601;697752.71;321943;0
2013;USA;First Financial Corporation;1443508;3031300;626097;908114;2008037;505216.67;334672.83;0
2014;USA;First Financial Corporation;2657414;4699450;630297;922714;1906047;939890;381209.4;0
2009;USA;First Internet Bancorp;;;;;;;;
2010;USA;First Internet Bancorp;;;;;;;;
2011;USA;First Internet Bancorp;388154;884887;245601;307001;764331;294962.33;254777;0
2012;USA;First Internet Bancorp;746982;1353886;300000;600000;1102899;451295.33;367633;0
2013;USA;First Internet Bancorp;421648;1666156;305954;305954;727212;555385.33;242404;0
2014;USA;First Internet Bancorp;412795;1330871;400000;400000;1270519;221811.83;211753.17;0
2009;USA;First Keystone Corporation;259400;1077963;215000;215000;904547;153994.71;129221;0
2010;USA;First Keystone Corporation;277527;1124035;210058;235371;960265;140504.38;120033.13;0
2011;USA;First Keystone Corporation;277527;932658;210058;235371;811531;155443;135255.17;0
2012;USA;First Keystone Corporation;306085;1213325;210000;240060;1053376;151665.63;131672;0
2013;USA;First Keystone Corporation;293336;1081136;216300;216300;914560;154448;130651.43;0
2014;USA;First Keystone Corporation;285988;813717;218219;218219;697707;162743.4;139541.4;0
2009;USA;First Miami Bancorp, Inc.;;;;;;;;
2010;USA;First Miami Bancorp, Inc.;;;;;;;;
2011;USA;First Miami Bancorp, Inc.;;;;;;;;
2012;USA;First Miami Bancorp, Inc.;;;;;;;;
2013;USA;First Miami Bancorp, Inc.;;;;;;;;
2014;USA;First Miami Bancorp, Inc.;;;;;;;;
2009;USA;First Midwest Bancorp, Inc.;9668729;21987900;995000;995000;4830000;3664650;805000;1943062
2010;USA;First Midwest Bancorp, Inc.;8025291;14849377;1162786;1162786;4404843;2121339.6;629263.29;0
2011;USA;First Midwest Bancorp, Inc.;6381475;18678426;850000;850000;6613013;2668346.6;944716.14;0
2012;USA;First Midwest Bancorp, Inc.;11897084;23428847;922917;2360667;7213375;4685769.4;1442675;0
2013;USA;First Midwest Bancorp, Inc.;10314425;21963350;975000;2893800;8459147;4392670;1691829.4;0
2014;USA;First Midwest Bancorp, Inc.;14421247;28641794;993750;4702652;11582497;5728358.8;2316499.4;0
2009;USA;First National Bank Alaska;;;;;;;;
2010;USA;First National Bank Alaska;;;;;;;;
2011;USA;First National Bank Alaska;;;;;;;;
2012;USA;First National Bank Alaska;;;;;;;;
2013;USA;First National Bank Alaska;;;;;;;;
2014;USA;First National Bank Alaska;;;;;;;;
2009;USA;First National Bank of Groton;;;;;;;;
2010;USA;First National Bank of Groton;;;;;;;;
2011;USA;First National Bank of Groton;;;;;;;;
2012;USA;First National Bank of Groton;;;;;;;;
2013;USA;First National Bank of Groton;;;;;;;;
2014;USA;First National Bank of Groton;;;;;;;;
2009;USA;First Niles Financial, Inc.;;;;;;;;
2010;USA;First Niles Financial, Inc.;;;;;;;;
2011;USA;First Niles Financial, Inc.;;;;;;;;
2012;USA;First Niles Financial, Inc.;;;;;;;;
2013;USA;First Niles Financial, Inc.;;;;;;;;
2014;USA;First Niles Financial, Inc.;;;;;;;;
2009;USA;First Ottawa Bancshares, Inc.;;;;;;;;
2010;USA;First Ottawa Bancshares, Inc.;;;;;;;;
2011;USA;First Ottawa Bancshares, Inc.;;;;;;;;
2012;USA;First Ottawa Bancshares, Inc.;;;;;;;;
2013;USA;First Ottawa Bancshares, Inc.;;;;;;;;
2014;USA;First Ottawa Bancshares, Inc.;;;;;;;;
2009;USA;First Robinson Financial Corpora;;152416;;;134186;152416;134186;
2010;USA;First Robinson Financial Corpora;;155118;;;128412;155118;128412;
2011;USA;First Robinson Financial Corpora;;160141;;;133616;160141;133616;
2012;USA;First Robinson Financial Corpora;;165763;;;139023;165763;139023;
2013;USA;First Robinson Financial Corpora;;;;;;;;
2014;USA;First Robinson Financial Corpora;;;;;;;;
2009;USA;First US Bancshares, Inc.;424975;1074752;315000;315000;821942;214950.4;164388.4;0
2010;USA;First US Bancshares, Inc.;429347;828103;315000;315000;634500;207025.75;158625;0
2011;USA;First US Bancshares, Inc.;319062;731714;207404;207404;532404;182928.5;133101;0
2012;USA;First US Bancshares, Inc.;344250;759081;275000;275000;620000;253027;206666.67;0
2013;USA;First US Bancshares, Inc.;511773;1199174;313824;477307;1006305;299793.5;251576.25;0
2014;USA;First US Bancshares, Inc.;537787;1401779;313824;313824;857824;350444.75;214456;47080
2009;USA;First of Long Island Corporation;4848850;6853463;607500;1207500;2654865;1370692.6;530973;1443750
2010;USA;First of Long Island Corporation;1234273;1668922;750000;1150000;1553596;834461;776798;0
2011;USA;First of Long Island Corporation;1690596;2764857;750000;1595000;2577503;691214.25;644375.75;0
2012;USA;First of Long Island Corporation;1591857;3300946;750000;1462500;2717188;825236.5;679297;0
2013;USA;First of Long Island Corporation;1567457;3885529;750000;1425000;3121950;777105.8;624390;0
2014;USA;First of Long Island Corporation;7056139;9921390;800000;1680000;3423750;1984278;684750;845910
2009;USA;Fleetwood Bank Corporation;;;;;;;;
2010;USA;Fleetwood Bank Corporation;;;;;;;;
2011;USA;Fleetwood Bank Corporation;;;;;;;;
2012;USA;Fleetwood Bank Corporation;;;;;;;;
2013;USA;Fleetwood Bank Corporation;;;;;;;;
2014;USA;Fleetwood Bank Corporation;;;;;;;;
2009;USA;Friendly Hills Bank;;;;;;;;
2010;USA;Friendly Hills Bank;;;;;;;;
2011;USA;Friendly Hills Bank;;;;;;;;
2012;USA;Friendly Hills Bank;;;;;;;;
2013;USA;Friendly Hills Bank;;;;;;;;
2014;USA;Friendly Hills Bank;;;;;;;;
2009;USA;Golden Valley Bank;;;;;;;;
2010;USA;Golden Valley Bank;;;;;;;;
2011;USA;Golden Valley Bank;;;;;;;;
2012;USA;Golden Valley Bank;;;;;;;;
2013;USA;Golden Valley Bank;;;;;;;;
2014;USA;Golden Valley Bank;;;;;;;;
2008;USA;Goldman Sachs Group, Inc.;;;;;;;;
2009;USA;Great Southern Bancorp, Inc.;840448;1976423;258869;732366;1518720;395284.6;303744;0
2010;USA;Great Southern Bancorp, Inc.;521545;1693774;299237;446016;1284602;338754.8;256920.4;0
2011;USA;Great Southern Bancorp, Inc.;686400;2160712;319004;477860;1420503;432142.4;284100.6;19380
2012;USA;Great Southern Bancorp, Inc.;935454;2399165;324777;783845;1798850;479833;359770;27420
2013;USA;Great Southern Bancorp, Inc.;677597;1908134;330550;604692;1579950;381626.8;315990;31500
2014;USA;Great Southern Bancorp, Inc.;1111453;3345827;336439;761704;1774524;669165.4;354904.8;25020
2009;USA;Greater Hudson Bank;;;;;;;;
2010;USA;Greater Hudson Bank;;;;;;;;
2011;USA;Greater Hudson Bank;;;;;;;;
2012;USA;Greater Hudson Bank;;;;;;;;
2013;USA;Greater Hudson Bank;;;;;;;;
2014;USA;Greater Hudson Bank;;;;;;;;
2009;USA;Greene County Bancorp, Inc. (MHC;354600;908600;164100;194100;500900;302866.67;166966.67;121800
2010;USA;Greene County Bancorp, Inc. (MHC;287300;718100;193300;259300;648400;239366.67;216133.33;0
2011;USA;Greene County Bancorp, Inc. (MHC;346700;799000;247300;286300;671900;266333.33;223966.67;0
2012;USA;Greene County Bancorp, Inc. (MHC;520600;1141500;284400;409400;936400;380500;312133.33;0
2013;USA;Greene County Bancorp, Inc. (MHC;494400;1092500;309300;433000;965000;364166.67;321666.67;0
2014;USA;Greene County Bancorp, Inc. (MHC;536000;1158000;319100;443100;979000;386000;326333.33;0
2009;USA;Guaranty Bancshares, Inc.;;;;;;;;
2010;USA;Guaranty Bancshares, Inc.;;;;;;;;
2011;USA;Guaranty Bancshares, Inc.;;;;;;;;
2012;USA;Guaranty Bancshares, Inc.;;;;;;;;
2013;USA;Guaranty Bancshares, Inc.;;;;;;;;
2014;USA;Guaranty Bancshares, Inc.;;;;;;;;
2009;USA;HCB Financial Corp.;;;;;;;;
2010;USA;HCB Financial Corp.;;;;;;;;
2011;USA;HCB Financial Corp.;;;;;;;;
2012;USA;HCB Financial Corp.;;;;;;;;
2013;USA;HCB Financial Corp.;;;;;;;;
2014;USA;HCB Financial Corp.;;;;;;;;
2009;USA;HSBC USA Inc.;;;;;;;;
2010;USA;HSBC USA Inc.;;;;;;;;
2011;USA;HSBC USA Inc.;;;;;;;;
2012;USA;HSBC USA Inc.;;;;;;;;
2013;USA;HSBC USA Inc.;;;;;;;;
2014;USA;HSBC USA Inc.;;;;;;;;
2009;USA;Hamlin Bank and Trust Company;;;;;;;;
2010;USA;Hamlin Bank and Trust Company;;;;;;;;
2011;USA;Hamlin Bank and Trust Company;;;;;;;;
2012;USA;Hamlin Bank and Trust Company;;;;;;;;
2013;USA;Hamlin Bank and Trust Company;;;;;;;;
2014;USA;Hamlin Bank and Trust Company;;;;;;;;
2009;USA;Hancock Whitney Corporation;872633;2700821;407000;550590;1684784;540164.2;336956.8;84172
2010;USA;Hancock Whitney Corporation;914642;2795735;422000;582354;1790275;559147;358055;75560
2011;USA;Hancock Whitney Corporation;986839;3033374;450000;591793;1810518;606674.8;362103.6;97840
2012;USA;Hancock Whitney Corporation;979925;3316391;468000;612690;1888858;663278.2;377771.6;0
2013;USA;Hancock Whitney Corporation;1048245;2899435;496000;673753;2001491;579887;400298.2;0
2014;USA;Hancock Whitney Corporation;1649860;4578675;531000;713653;2118657;915735;423731.4;0
2009;USA;Harleysville Financial Corporati;387928;854648;258566;320622;725846;284882.67;241948.67;24558
2010;USA;Harleysville Financial Corporati;393216;875112;269232;324138;742383;291704;247461;25661
2011;USA;Harleysville Financial Corporati;416554;933841;276020;345426;794780;311280.33;264926.67;13343
2012;USA;Harleysville Financial Corporati;437421;988192;286375;351333;814670;329397.33;271556.67;13514
2013;USA;Harleysville Financial Corporati;437421;988192;286375;351333;814670;329397.33;271556.67;13514
2014;USA;Harleysville Financial Corporati;437421;988192;286375;351333;814670;329397.33;271556.67;13514
2009;USA;Heartland Financial USA, Inc.;342335;1449250;330000;330000;1348480;241541.67;224746.67;0
2010;USA;Heartland Financial USA, Inc.;604692;2017737;460000;460000;1478270;403547.4;295654;0
2011;USA;Heartland Financial USA, Inc.;649416;2147194;470000;470000;1514918;429438.8;302983.6;0
2012;USA;Heartland Financial USA, Inc.;1052864;3134288;470000;762484;2287961;626857.6;457592.2;0
2013;USA;Heartland Financial USA, Inc.;1054644;3490455;470000;724695;2277705;436306.88;284713.13;0
2014;USA;Heartland Financial USA, Inc.;1067798;3104014;470000;764327;2288380;443430.57;326911.43;0
2009;USA;Home Bancorp, Inc.;;;;;;;;
2010;USA;Home Bancorp, Inc.;;;;;;;;
2011;USA;Home Bancorp, Inc.;;;;;;;;
2012;USA;Home Bancorp, Inc.;;;;;;;;
2013;USA;Home Bancorp, Inc.;;;;;;;;
2014;USA;Home Bancorp, Inc.;;;;;;;;
2009;USA;Home Federal Bancorp, Inc. of Lo;199729;428811;133525;146680;319206;142937;106402;15660
2010;USA;Home Federal Bancorp, Inc. of Lo;230445;654041;137550;176100;526298;218013.67;175432.67;0
2011;USA;Home Federal Bancorp, Inc. of Lo;222644;755497;141694;186654;592959;251832.33;197653;0
2012;USA;Home Federal Bancorp, Inc. of Lo;540691;2106396;145945;202324;948105;526599;237026.25;133927
2013;USA;Home Federal Bancorp, Inc. of Lo;245046;1119565;148101;205411;975844;279891.25;243961;0
2014;USA;Home Federal Bancorp, Inc. of Lo;230747;1064418;148101;191709;939887;266104.5;234971.75;0
2009;USA;HopFed Bancorp, Inc.;339143;1514664;277242;277242;1288186;252444;214697.67;0
2010;USA;HopFed Bancorp, Inc.;389702;1555975;284004;284004;1305098;259329.17;217516.33;43500
2011;USA;HopFed Bancorp, Inc.;349119;1397744;292524;292524;1227550;199677.71;175364.29;0
2012;USA;HopFed Bancorp, Inc.;448552;1396811;301044;360997;1215807;279362.2;243161.4;0
2013;USA;HopFed Bancorp, Inc.;444393;1433745;301044;301044;1068571;286749;213714.2;0
2014;USA;HopFed Bancorp, Inc.;452758;1500455;308570;308570;1098871;300091;219774.2;0
2009;USA;IBW Financial Corporation;;;;;;;;
2010;USA;IBW Financial Corporation;;;;;;;;
2011;USA;IBW Financial Corporation;;;;;;;;
2012;USA;IBW Financial Corporation;;;;;;;;
2013;USA;IBW Financial Corporation;;;;;;;;
2014;USA;IBW Financial Corporation;;;;;;;;
2009;USA;IF Bancorp, Inc.;;;;;;;;
2010;USA;IF Bancorp, Inc.;;;;;;;;
2011;USA;IF Bancorp, Inc.;;;;;;;;
2012;USA;IF Bancorp, Inc.;;;;;;;;
2013;USA;IF Bancorp, Inc.;;;;;;;;
2014;USA;IF Bancorp, Inc.;;;;;;;;
2008;USA;IndyMac Bancorp, Inc.;;;;;;;;
2009;USA;International Bancshares Corpora;;1518596;;;937915;506198.67;312638.33;
2010;USA;International Bancshares Corpora;;1902674;;;1157503;475668.5;289375.75;
2011;USA;International Bancshares Corpora;;1935369;;;1170972;645123;390324;
2012;USA;International Bancshares Corpora;;1983477;;;1212694;661159;404231.33;
2013;USA;International Bancshares Corpora;;2218356;;;1886685;739452;628895;
2014;USA;International Bancshares Corpora;;2637554;;;2208417;879184.67;736139;
2009;USA;Isabella Bank Corporation;474100;1494055;359425;369225;1169108;298811;233821.6;0
2010;USA;Isabella Bank Corporation;533526;1690058;357600;382306;1238570;338011.6;247714;0
2011;USA;Isabella Bank Corporation;620530;1939572;375225;401760;1292850;387914.4;258570;0
2012;USA;Isabella Bank Corporation;580624;1853537;396325;421431;1348223;370707.4;269644.6;0
2013;USA;Isabella Bank Corporation;467791;1707332;406522;434880;1544378;284555.33;257396.33;0
2014;USA;Isabella Bank Corporation;414873;2096335;302472;313170;1367849;419267;273569.8;0
2008;USA;JPMorgan Chase & Co.;;;;;;;;
2009;USA;JPMorgan Chase & Co.;;;;;;;;
2010;USA;JPMorgan Chase & Co.;;;;;;;;
2011;USA;JPMorgan Chase & Co.;;;;;;;;
2012;USA;JPMorgan Chase & Co.;;;;;;;;
2013;USA;JPMorgan Chase & Co.;;;;;;;;
2014;USA;JPMorgan Chase & Co.;;;;;;;;
2009;USA;JTNB Bancorp, Inc.;;;;;;;;
2010;USA;JTNB Bancorp, Inc.;;;;;;;;
2011;USA;JTNB Bancorp, Inc.;;;;;;;;
2012;USA;JTNB Bancorp, Inc.;;;;;;;;
2013;USA;JTNB Bancorp, Inc.;;;;;;;;
2014;USA;JTNB Bancorp, Inc.;;;;;;;;
2009;USA;Jeff Davis Bancshares, Inc.;;;;;;;;
2010;USA;Jeff Davis Bancshares, Inc.;;;;;;;;
2011;USA;Jeff Davis Bancshares, Inc.;;;;;;;;
2012;USA;Jeff Davis Bancshares, Inc.;;;;;;;;
2013;USA;Jeff Davis Bancshares, Inc.;;;;;;;;
2014;USA;Jeff Davis Bancshares, Inc.;;;;;;;;
2009;USA;Jefferson Security Bank;;;;;;;;
2010;USA;Jefferson Security Bank;;;;;;;;
2011;USA;Jefferson Security Bank;;;;;;;;
2012;USA;Jefferson Security Bank;;;;;;;;
2013;USA;Jefferson Security Bank;;;;;;;;
2014;USA;Jefferson Security Bank;;;;;;;;
2009;USA;Jeffersonville Bancorp;403036;892713;196206;224706;594487;223178.25;148621.75;
2010;USA;Jeffersonville Bancorp;521790;1048061;223846;244546;621803;262015.25;155450.75;
2011;USA;Jeffersonville Bancorp;552912;1136935;230001;264501;700911;284233.75;175227.75;
2012;USA;Jeffersonville Bancorp;;;;;;;;
2013;USA;Jeffersonville Bancorp;552912;1136935;230001;264501;700911;284233.75;175227.75;
2014;USA;Jeffersonville Bancorp;552912;1136935;230001;264501;700911;284233.75;175227.75;
2009;USA;Kearny Financial Corp.;;3516665;;;1939503;586110.83;323250.5;
2010;USA;Kearny Financial Corp.;;2677810;;;1710209;535562;342041.8;
2011;USA;Kearny Financial Corp.;338007;2609445;281909;294909;2028316;372777.86;289759.43;0
2012;USA;Kearny Financial Corp.;396294;2061381;300000;315000;1585524;343563.5;264254;0
2013;USA;Kearny Financial Corp.;431637;1601019;375000;390000;1445515;320203.8;289103;0
2014;USA;Kearny Financial Corp.;431637;1601019;375000;390000;1445515;320203.8;289103;0
2009;USA;Kentucky Bancshares, Inc.;252669;1014975;207000;223401;924542;144996.43;132077.43;0
2010;USA;Kentucky Bancshares, Inc.;259586;927320;214240;228804;827302;154553.33;137883.67;0
2011;USA;Kentucky Bancshares, Inc.;326047;1178433;220667;294039;1040468;196405.5;173411.33;0
2012;USA;Kentucky Bancshares, Inc.;330519;1194374;230000;296413;1057663;199062.33;176277.17;0
2013;USA;Kentucky Bancshares, Inc.;372176;1172898;236900;336398;1057067;234579.6;211413.4;0
2014;USA;Kentucky Bancshares, Inc.;354891;1134157;244007;316599;1005188;226831.4;201037.6;0
2009;USA;Killbuck Bancshares, Inc.;315797;681330;228400;279985;589137;227110;196379;0
2010;USA;Killbuck Bancshares, Inc.;307514;628028;234400;272671;567189;157007;141797.25;0
2011;USA;Killbuck Bancshares, Inc.;565371;791698;321433;381773;593076;197924.5;148269;0
2012;USA;Killbuck Bancshares, Inc.;;;;;;;;
2013;USA;Killbuck Bancshares, Inc.;;;;;;;;
2014;USA;Killbuck Bancshares, Inc.;;;;;;;;
2009;USA;Kinderhook Bank Corp.;;;;;;;;
2010;USA;Kinderhook Bank Corp.;;;;;;;;
2011;USA;Kinderhook Bank Corp.;;;;;;;;
2012;USA;Kinderhook Bank Corp.;;;;;;;;
2013;USA;Kinderhook Bank Corp.;;;;;;;;
2014;USA;Kinderhook Bank Corp.;;;;;;;;
2009;USA;Lake Shore Bancorp, Inc. (MHC);558087;782345;266000;325866;482524;391172.5;241262;0
2010;USA;Lake Shore Bancorp, Inc. (MHC);385315;886609;275000;334036;693580;295536.33;231193.33;0
2011;USA;Lake Shore Bancorp, Inc. (MHC);438187;633489;252019;301953;473512;211163;157837.33;0
2012;USA;Lake Shore Bancorp, Inc. (MHC);311282;635581;235000;276329;561597;211860.33;187199;0
2013;USA;Lake Shore Bancorp, Inc. (MHC);343903;702971;256134;307517;623998;234323.67;207999.33;0
2014;USA;Lake Shore Bancorp, Inc. (MHC);566280;945929;267000;311459;633416;315309.67;211138.67;0
2009;USA;Landmark Bancorp, Inc.;340170;727154;305000;305000;654000;242384.67;218000;0
2010;USA;Landmark Bancorp, Inc.;382838;827467;314500;347125;753825;275822.33;251275;0
2011;USA;Landmark Bancorp, Inc.;445376;976008;323500;359180;784450;325336;261483.33;20099
2012;USA;Landmark Bancorp, Inc.;428141;947045;333332;390957;863707;315681.67;287902.33;0
2013;USA;Landmark Bancorp, Inc.;407246;902560;343333;369211;811316;300853.33;270438.67;0
2014;USA;Landmark Bancorp, Inc.;694407;980832;475000;604647;870934;326944;290311.33;0
2009;USA;Laurel Road Bank;;;;;;;;
2010;USA;Laurel Road Bank;;;;;;;;
2011;USA;Laurel Road Bank;;;;;;;;
2012;USA;Laurel Road Bank;;;;;;;;
2013;USA;Laurel Road Bank;;;;;;;;
2014;USA;Laurel Road Bank;;;;;;;;
2009;USA;Ledyard Financial Group, Inc.;;;;;;;;
2010;USA;Ledyard Financial Group, Inc.;;;;;;;;
2011;USA;Ledyard Financial Group, Inc.;;;;;;;;
2012;USA;Ledyard Financial Group, Inc.;;;;;;;;
2013;USA;Ledyard Financial Group, Inc.;;;;;;;;
2014;USA;Ledyard Financial Group, Inc.;;;;;;;;
2009;USA;LegacyTexas Financial Group, Inc;737554;2001720;490360;603250;1713484;333620;285580.67;0
2010;USA;LegacyTexas Financial Group, Inc;867342;2051573;490360;748060;1802768;410314.6;360553.6;0
2011;USA;LegacyTexas Financial Group, Inc;1529868;3071347;711022;932309;2008726;614269.4;401745.2;0
2012;USA;LegacyTexas Financial Group, Inc;1568218;4916806;347115;785796;2537756;702400.86;362536.57;0
2013;USA;LegacyTexas Financial Group, Inc;3522702;8523787;535000;957652;2759454;1420631.2;459909;713796
2014;USA;LegacyTexas Financial Group, Inc;1060352;3053232;549450;931867;2594120;610646.4;518824;0
2009;USA;Lighthouse Bank;;;;;;;;
2010;USA;Lighthouse Bank;;;;;;;;
2011;USA;Lighthouse Bank;;;;;;;;
2012;USA;Lighthouse Bank;;;;;;;;
2013;USA;Lighthouse Bank;;;;;;;;
2014;USA;Lighthouse Bank;;;;;;;;
2009;USA;Lincoln Park Bancorp (MHC);;;;;;;;
2010;USA;Lincoln Park Bancorp (MHC);;;;;;;;
2011;USA;Lincoln Park Bancorp (MHC);;;;;;;;
2012;USA;Lincoln Park Bancorp (MHC);;;;;;;;
2013;USA;Lincoln Park Bancorp (MHC);;;;;;;;
2014;USA;Lincoln Park Bancorp (MHC);;;;;;;;
2009;USA;Logansport Financial Corp.;;;;;;;;
2010;USA;Logansport Financial Corp.;;;;;;;;
2011;USA;Logansport Financial Corp.;;;;;;;;
2012;USA;Logansport Financial Corp.;;;;;;;;
2013;USA;Logansport Financial Corp.;;;;;;;;
2014;USA;Logansport Financial Corp.;;;;;;;;
2009;USA;Lumbee Guaranty Bank;;;;;;;;
2010;USA;Lumbee Guaranty Bank;;;;;;;;
2011;USA;Lumbee Guaranty Bank;;;;;;;;
2012;USA;Lumbee Guaranty Bank;;;;;;;;
2013;USA;Lumbee Guaranty Bank;;;;;;;;
2014;USA;Lumbee Guaranty Bank;;;;;;;;
2009;USA;Lyons Bancorp, Inc.;;;;;;;;
2010;USA;Lyons Bancorp, Inc.;;;;;;;;
2011;USA;Lyons Bancorp, Inc.;;;;;;;;
2012;USA;Lyons Bancorp, Inc.;;;;;;;;
2013;USA;Lyons Bancorp, Inc.;;;;;;;;
2014;USA;Lyons Bancorp, Inc.;;;;;;;;
2009;USA;MBT Bancshares, Inc.;;;;;;;;
2010;USA;MBT Bancshares, Inc.;;;;;;;;
2011;USA;MBT Bancshares, Inc.;;;;;;;;
2012;USA;MBT Bancshares, Inc.;;;;;;;;
2013;USA;MBT Bancshares, Inc.;;;;;;;;
2014;USA;MBT Bancshares, Inc.;;;;;;;;
2009;USA;MBT Financial Corp.;396213;1306001;297682;297682;1055629;217666.83;175938.17;7285
2010;USA;MBT Financial Corp.;343982;1479872;297682;297682;1205179;211410.29;172168.43;0
2011;USA;MBT Financial Corp.;407087;1298064;302718;302718;1092592;216344;182098.67;11250
2012;USA;MBT Financial Corp.;580019;1327831;311213;311213;973503;265566.2;194700.6;16650
2013;USA;MBT Financial Corp.;600546;1535719;324113;449059;1275628;307143.8;255125.6;21450
2014;USA;MBT Financial Corp.;733338;1920150;336790;513605;1507049;384030;301409.8;44700
2009;USA;MNB Corporation;;;;;;;;
2010;USA;MNB Corporation;;;;;;;;
2011;USA;MNB Corporation;;;;;;;;
2012;USA;MNB Corporation;;;;;;;;
2013;USA;MNB Corporation;;;;;;;;
2014;USA;MNB Corporation;;;;;;;;
2009;USA;Marquette National Corporation;;;;;;;;
2010;USA;Marquette National Corporation;;;;;;;;
2011;USA;Marquette National Corporation;;;;;;;;
2012;USA;Marquette National Corporation;;;;;;;;
2013;USA;Marquette National Corporation;;;;;;;;
2014;USA;Marquette National Corporation;;;;;;;;
2009;USA;Mars Bancorp, Inc.;;;;;;;;
2010;USA;Mars Bancorp, Inc.;;;;;;;;
2011;USA;Mars Bancorp, Inc.;;;;;;;;
2012;USA;Mars Bancorp, Inc.;;;;;;;;
2013;USA;Mars Bancorp, Inc.;;;;;;;;
2014;USA;Mars Bancorp, Inc.;;;;;;;;
2009;USA;Mauch Chunk Trust Financial Corp;;;;;;;;
2010;USA;Mauch Chunk Trust Financial Corp;;;;;;;;
2011;USA;Mauch Chunk Trust Financial Corp;;;;;;;;
2012;USA;Mauch Chunk Trust Financial Corp;;;;;;;;
2013;USA;Mauch Chunk Trust Financial Corp;;;;;;;;
2014;USA;Mauch Chunk Trust Financial Corp;;;;;;;;
2009;USA;Mechanics Bank;;;;;;;;
2010;USA;Mechanics Bank;;;;;;;;
2011;USA;Mechanics Bank;;;;;;;;
2012;USA;Mechanics Bank;;;;;;;;
2013;USA;Mechanics Bank;;;;;;;;
2014;USA;Mechanics Bank;;;;;;;;
2009;USA;Merchants & Marine Bancorp, Inc.;;;;;;;;
2010;USA;Merchants & Marine Bancorp, Inc.;;;;;;;;
2011;USA;Merchants & Marine Bancorp, Inc.;;;;;;;;
2012;USA;Merchants & Marine Bancorp, Inc.;;;;;;;;
2013;USA;Merchants & Marine Bancorp, Inc.;;;;;;;;
2014;USA;Merchants & Marine Bancorp, Inc.;;;;;;;;
2009;USA;Meridian Bancorp, Inc.;1312306;2926420;350000;437500;1261268;487736.67;210211.33;265500
2010;USA;Meridian Bancorp, Inc.;1271226;2382333;425000;552107;1342986;595583.25;335746.5;0
2011;USA;Meridian Bancorp, Inc.;1067250;2551325;450000;573750;1724180;510265;344836;0
2012;USA;Meridian Bancorp, Inc.;1330815;2836998;500000;675000;1917496;567399.6;383499.2;0
2013;USA;Meridian Bancorp, Inc.;1734712;3707004;540000;729000;2287460;617834;381243.33;43800
2014;USA;Meridian Bancorp, Inc.;1723835;3105832;600000;810000;2017055;621166.4;403411;0
2008;USA;"Merill Lynch; taken over by Bank";;;;;;;;
2009;USA;Meta Financial Group, Inc.;599087;2477252;365015;485470;2035343;309656.5;254417.88;72999
2010;USA;Meta Financial Group, Inc.;702318;1864509;365015;547515;1457630;621503;485876.67;73007
2011;USA;Meta Financial Group, Inc.;677114;2250599;399039;591539;1973731;562649.75;493432.75;0
2012;USA;Meta Financial Group, Inc.;1001857;3094613;396550;594825;1868331;773653.25;467082.75;0
2013;USA;Meta Financial Group, Inc.;1192929;3230261;408446;612670;1785864;807565.25;446466;159973
2014;USA;Meta Financial Group, Inc.;1819097;5420852;520000;780000;2913525;903475.33;485587.5;509031
2009;USA;MidSouth Bancorp, Inc.;291550;1413636;200000;200000;1152710;157070.67;128078.89;0
2010;USA;MidSouth Bancorp, Inc.;450691;1402541;325000;325000;1065382;233756.83;177563.67;0
2011;USA;MidSouth Bancorp, Inc.;461847;1522466;347917;347917;1260704;304493.2;252140.8;0
2012;USA;MidSouth Bancorp, Inc.;797912;2438758;367500;492500;1482500;487751.6;296500;187434
2013;USA;MidSouth Bancorp, Inc.;536586;1768659;425000;425000;1450000;353731.8;290000;0
2014;USA;MidSouth Bancorp, Inc.;574167;1595250;425000;463250;1243063;319050;248612.6;0
2009;USA;Mifflinburg Bancorp, Inc.;;;;;;;;
2010;USA;Mifflinburg Bancorp, Inc.;;;;;;;;
2011;USA;Mifflinburg Bancorp, Inc.;;;;;;;;
2012;USA;Mifflinburg Bancorp, Inc.;;;;;;;;
2013;USA;Mifflinburg Bancorp, Inc.;;;;;;;;
2014;USA;Mifflinburg Bancorp, Inc.;;;;;;;;
2009;USA;Minster Financial Corp.;;;;;;;;
2010;USA;Minster Financial Corp.;;;;;;;;
2011;USA;Minster Financial Corp.;;;;;;;;
2012;USA;Minster Financial Corp.;;;;;;;;
2013;USA;Minster Financial Corp.;;;;;;;;
2014;USA;Minster Financial Corp.;;;;;;;;
2009;USA;Mission Bancorp;;;;;;;;
2010;USA;Mission Bancorp;;;;;;;;
2011;USA;Mission Bancorp;;;;;;;;
2012;USA;Mission Bancorp;;;;;;;;
2013;USA;Mission Bancorp;;;;;;;;
2014;USA;Mission Bancorp;;;;;;;;
2009;USA;Mountain-Valley Bancshares, Inc.;;;;;;;;
2010;USA;Mountain-Valley Bancshares, Inc.;;;;;;;;
2011;USA;Mountain-Valley Bancshares, Inc.;;;;;;;;
2012;USA;Mountain-Valley Bancshares, Inc.;;;;;;;;
2013;USA;Mountain-Valley Bancshares, Inc.;;;;;;;;
2014;USA;Mountain-Valley Bancshares, Inc.;;;;;;;;
2009;USA;National Bank of Coxsackie;;;;;;;;
2010;USA;National Bank of Coxsackie;;;;;;;;
2011;USA;National Bank of Coxsackie;;;;;;;;
2012;USA;National Bank of Coxsackie;;;;;;;;
2013;USA;National Bank of Coxsackie;;;;;;;;
2014;USA;National Bank of Coxsackie;;;;;;;;
2009;USA;National Bankshares, Inc.;1187488;1941512;498605;771312;1236099;485378;309024.75;0
2010;USA;National Bankshares, Inc.;1098883;1996743;558438;860924;1383923;499185.75;345980.75;0
2011;USA;National Bankshares, Inc.;1592612;2717501;628243;974376;1558616;543500.2;311723.2;0
2012;USA;National Bankshares, Inc.;1372431;2362126;706800;992933;1548808;590531.5;387202;0
2013;USA;National Bankshares, Inc.;1164582;1936110;706800;1007240;1578787;484027.5;394696.75;0
2014;USA;National Bankshares, Inc.;1427339;2642243;756300;756300;1391868;660560.75;347967;0
2009;USA;Neffs Bancorp, Inc.;;;;;;;;
2010;USA;Neffs Bancorp, Inc.;;;;;;;;
2011;USA;Neffs Bancorp, Inc.;;;;;;;;
2012;USA;Neffs Bancorp, Inc.;;;;;;;;
2013;USA;Neffs Bancorp, Inc.;;;;;;;;
2014;USA;Neffs Bancorp, Inc.;;;;;;;;
2009;USA;New Tripoli Bancorp, Inc.;;;;;;;;
2010;USA;New Tripoli Bancorp, Inc.;;;;;;;;
2011;USA;New Tripoli Bancorp, Inc.;;;;;;;;
2012;USA;New Tripoli Bancorp, Inc.;;;;;;;;
2013;USA;New Tripoli Bancorp, Inc.;;;;;;;;
2014;USA;New Tripoli Bancorp, Inc.;;;;;;;;
2009;USA;North Dallas Bank & Trust Co.;;;;;;;;
2010;USA;North Dallas Bank & Trust Co.;;;;;;;;
2011;USA;North Dallas Bank & Trust Co.;;;;;;;;
2012;USA;North Dallas Bank & Trust Co.;;;;;;;;
2013;USA;North Dallas Bank & Trust Co.;;;;;;;;
2014;USA;North Dallas Bank & Trust Co.;;;;;;;;
2009;USA;Northern California Bancorp, Inc;;;;;;;;
2010;USA;Northern California Bancorp, Inc;;;;;;;;
2011;USA;Northern California Bancorp, Inc;;;;;;;;
2012;USA;Northern California Bancorp, Inc;;;;;;;;
2013;USA;Northern California Bancorp, Inc;;;;;;;;
2014;USA;Northern California Bancorp, Inc;;;;;;;;
2009;USA;Northern California National Ban;;;;;;;;
2010;USA;Northern California National Ban;;;;;;;;
2011;USA;Northern California National Ban;;;;;;;;
2012;USA;Northern California National Ban;;;;;;;;
2013;USA;Northern California National Ban;;;;;;;;
2014;USA;Northern California National Ban;;;;;;;;
2009;USA;Northern Trust Corporation;4209666;59314020;0;0;4598414;9885670;766402.33;0
2010;USA;Northern Trust Corporation;1940069;28385411;950000;950000;9629847;3548176.4;1203730.9;0
2011;USA;Northern Trust Corporation;8087181;55910200;950000;950000;19043952;9318366.7;3173992;0
2012;USA;Northern Trust Corporation;8321300;51818825;950000;950000;21808878;10363765;4361775.6;0
2013;USA;Northern Trust Corporation;13139357;59368237;1454167;1454167;23596007;11873647;4719201.4;0
2014;USA;Northern Trust Corporation;15342399;61108126;1500000;1500000;20882814;12221625;4176562.8;0
2009;USA;Northfield Bancorp, Inc.;3951684;9376426;676000;783388;1910188;1875285.2;382037.6;1356425
2010;USA;Northfield Bancorp, Inc.;937048;2286850;676000;798544;1964307;457370;392861.4;0
2011;USA;Northfield Bancorp, Inc.;1051208;2640158;676000;903685;2294121;528031.6;458824.2;0
2012;USA;Northfield Bancorp, Inc.;1088978;3141798;676000;927202;2456164;523633;409360.67;0
2013;USA;Northfield Bancorp, Inc.;1095207;2886591;676000;902377;2319956;577318.2;463991.2;0
2014;USA;Northfield Bancorp, Inc.;4842325;13321496;676000;1048431;2737207;2664299.2;547441.4;1564000
2009;USA;Northumberland Bancorp;;;;;;;;
2010;USA;Northumberland Bancorp;;;;;;;;
2011;USA;Northumberland Bancorp;;;;;;;;
2012;USA;Northumberland Bancorp;;;;;;;;
2013;USA;Northumberland Bancorp;;;;;;;;
2014;USA;Northumberland Bancorp;;;;;;;;
2009;USA;OFG Bancorp;1162897;3600835;500000;971000;3089041;600139.17;514840.17;26407
2010;USA;OFG Bancorp;2502329;5816235;500000;950600;3164431;830890.71;452061.57;850269
2011;USA;OFG Bancorp;1332010;4768207;500000;1263300;3998297;681172.43;571185.29;0
2012;USA;OFG Bancorp;1630074;4466224;509615;1239815;3367790;893244.8;673558;244690
2013;USA;OFG Bancorp;2137764;5250986;645962;1216562;3350379;875164.33;558396.5;217327
2014;USA;OFG Bancorp;1889562;4843434;865000;1448800;3282088;807239;547014.67;333125
2009;USA;Old National Bancorp;1229372;3892126;650000;650000;2222960;648687.67;370493.33;99455
2010;USA;Old National Bancorp;1015646;3446728;650000;650000;2093726;574454.67;348954.33;0
2011;USA;Old National Bancorp;1423515;3827110;650000;893750;2398130;765422;479626;0
2012;USA;Old National Bancorp;1847828;5256763;650000;1171625;3509810;876127.17;584968.33;0
2013;USA;Old National Bancorp;2360954;5873944;650000;1236219;3639209;978990.67;606534.83;0
2014;USA;Old National Bancorp;1978036;5498319;650000;1148469;3468740;916386.5;578123.33;0
2009;USA;OptimumBank Holdings, Inc.;;;;;;;;
2010;USA;OptimumBank Holdings, Inc.;;;;;;;;
2011;USA;OptimumBank Holdings, Inc.;;;;;;;;
2012;USA;OptimumBank Holdings, Inc.;;;;;;;;
2013;USA;OptimumBank Holdings, Inc.;;;;;;;;
2014;USA;OptimumBank Holdings, Inc.;;;;;;;;
2009;USA;Orange County Bancorp, Inc.;;;;;;;;
2010;USA;Orange County Bancorp, Inc.;;;;;;;;
2011;USA;Orange County Bancorp, Inc.;;;;;;;;
2012;USA;Orange County Bancorp, Inc.;;;;;;;;
2013;USA;Orange County Bancorp, Inc.;;;;;;;;
2014;USA;Orange County Bancorp, Inc.;;;;;;;;
2009;USA;PB Bancorp, Inc.;;;;;;;;
2010;USA;PB Bancorp, Inc.;;;;;;;;
2011;USA;PB Bancorp, Inc.;;;;;;;;
2012;USA;PB Bancorp, Inc.;;;;;;;;
2013;USA;PB Bancorp, Inc.;;;;;;;;
2014;USA;PB Bancorp, Inc.;;;;;;;;
2009;USA;PNC Financial Services Group, In;18027856;46198404;2750000;2750000;8252500;9239680.8;1650500;3811008
2010;USA;PNC Financial Services Group, In;16600793;39933900;1557692;3727692;15679009;7986780;3135801.8;5325750
2011;USA;PNC Financial Services Group, In;16607150;40320115;1169231;3179231;10542885;8064023;2108577;0
2012;USA;PNC Financial Services Group, In;8924806;38495306;1200000;1200000;8764205;6415884.3;1460700.8;0
2013;USA;PNC Financial Services Group, In;16483312;45128805;1984423;5985756;17722029;5641100.6;2215253.6;0
2014;USA;PNC Financial Services Group, In;11337904;32851091;1089615;4629615;12734615;6570218.2;2546923;0
2009;USA;Pacific Alliance Bank;;;;;;;;
2010;USA;Pacific Alliance Bank;;;;;;;;
2011;USA;Pacific Alliance Bank;;;;;;;;
2012;USA;Pacific Alliance Bank;;;;;;;;
2013;USA;Pacific Alliance Bank;;;;;;;;
2014;USA;Pacific Alliance Bank;;;;;;;;
2009;USA;Park National Corporation;696588;1365533;473525;473525;1001230;455177.67;333743.33;
2010;USA;Park National Corporation;1066727;2261302;773525;773525;1751230;753767.33;583743.33;0
2011;USA;Park National Corporation;1153166;2360180;773525;773525;1751230;786726.67;583743.33;0
2012;USA;Park National Corporation;1125967;2932626;773525;925000;2294455;733156.5;573613.75;0
2013;USA;Park National Corporation;1251679;2412250;773525;1048525;2186775;804083.33;728925;0
2014;USA;Park National Corporation;2953891;3558999;1338250;1938250;2413250;1186333;804416.67;0
2009;USA;Partners Bank of California;;;;;;;;
2010;USA;Partners Bank of California;;;;;;;;
2011;USA;Partners Bank of California;;;;;;;;
2012;USA;Partners Bank of California;;;;;;;;
2013;USA;Partners Bank of California;;;;;;;;
2014;USA;Partners Bank of California;;;;;;;;
2009;USA;Penn Bancshares, Inc.;;;;;;;;
2010;USA;Penn Bancshares, Inc.;;;;;;;;
2011;USA;Penn Bancshares, Inc.;;;;;;;;
2012;USA;Penn Bancshares, Inc.;;;;;;;;
2013;USA;Penn Bancshares, Inc.;;;;;;;;
2014;USA;Penn Bancshares, Inc.;;;;;;;;
2009;USA;Penns Woods Bancorp, Inc.;470625;981101;292218;360463;780833;245275.25;195208.25;0
2010;USA;Penns Woods Bancorp, Inc.;601080;1179920;342207;413612;848144;235984;169628.8;0
2011;USA;Penns Woods Bancorp, Inc.;360359;1101139;245000;334136;799835;275284.75;199958.75;0
2012;USA;Penns Woods Bancorp, Inc.;456750;1259828;269501;433292;970276;314957;242569;0
2013;USA;Penns Woods Bancorp, Inc.;490696;1120073;349093;458238;1017137;280018.25;254284.25;0
2014;USA;Penns Woods Bancorp, Inc.;735935;1195925;441368;703302;1136698;398641.67;378899.33;0
2009;USA;Peoples Bancorp Inc.;308279;1160843;280000;280000;953470;232168.6;190694;0
2010;USA;Peoples Bancorp Inc.;377273;1941661;322720;322720;1573482;242707.63;196685.25;0
2011;USA;Peoples Bancorp Inc.;877217;2383986;411510;570365;1665324;340569.43;237903.43;0
2012;USA;Peoples Bancorp Inc.;780865;2669903;420000;710220;2033280;533980.6;406656;0
2013;USA;Peoples Bancorp Inc.;949378;2555314;450000;685350;1908662;425885.67;318110.33;0
2014;USA;Peoples Bancorp Inc.;1039317;2978443;460125;771629;2125286;425491.86;303612.29;0
2009;USA;Peoples Financial Corporation;487746;1442867;270000;270000;919846;240477.83;153307.67;0
2010;USA;Peoples Financial Corporation;485143;1374020;270000;270000;921000;229003.33;153500;0
2011;USA;Peoples Financial Corporation;506388;1602146;270000;270000;1030769;228878;147252.71;0
2012;USA;Peoples Financial Corporation;474152;1579561;270000;270000;1030119;225651.57;147159.86;0
2013;USA;Peoples Financial Corporation;352018;1241819;270000;270000;904000;206969.83;150666.67;0
2014;USA;Peoples Financial Corporation;354416;1095071;273654;273654;817603;219014.2;163520.6;0
2009;USA;Peoples Trust Company of St. Alb;;;;;;;;
2010;USA;Peoples Trust Company of St. Alb;;;;;;;;
2011;USA;Peoples Trust Company of St. Alb;;;;;;;;
2012;USA;Peoples Trust Company of St. Alb;;;;;;;;
2013;USA;Peoples Trust Company of St. Alb;;;;;;;;
2014;USA;Peoples Trust Company of St. Alb;;;;;;;;
2009;USA;Pinnacle Bancshares, Inc.;;;;;;;;
2010;USA;Pinnacle Bancshares, Inc.;;;;;;;;
2011;USA;Pinnacle Bancshares, Inc.;;;;;;;;
2012;USA;Pinnacle Bancshares, Inc.;;;;;;;;
2013;USA;Pinnacle Bancshares, Inc.;;;;;;;;
2014;USA;Pinnacle Bancshares, Inc.;;;;;;;;
2009;USA;Pontiac Bancorp, Inc.;;;;;;;;
2010;USA;Pontiac Bancorp, Inc.;;;;;;;;
2011;USA;Pontiac Bancorp, Inc.;;;;;;;;
2012;USA;Pontiac Bancorp, Inc.;;;;;;;;
2013;USA;Pontiac Bancorp, Inc.;;;;;;;;
2014;USA;Pontiac Bancorp, Inc.;;;;;;;;
2009;USA;Popular, Inc.;;;;;;;;
2010;USA;Popular, Inc.;;;;;;;;
2011;USA;Popular, Inc.;;;;;;;;
2012;USA;Popular, Inc.;;;;;;;;
2013;USA;Popular, Inc.;;;;;;;;
2014;USA;Popular, Inc.;;;;;;;;
2009;USA;Premier Financial Bancorp, Inc.;286396;573932;245519;270519;543316;191310.67;181105.33;3700
2010;USA;Premier Financial Bancorp, Inc.;281125;676662;270885;270885;635038;169165.5;158759.5;0
2011;USA;Premier Financial Bancorp, Inc.;321782;923320;300000;300000;820714;184664;164142.8;0
2012;USA;Premier Financial Bancorp, Inc.;384650;1028827;325000;360000;898503;205765.4;179700.6;0
2013;USA;Premier Financial Bancorp, Inc.;399031;1042772;350000;380000;948477;208554.4;189695.4;0
2014;USA;Premier Financial Bancorp, Inc.;458650;1137637;350000;350000;948635;189606.17;158105.83;0
2009;USA;Private Bancorp of America, Inc.;;;;;;;;
2010;USA;Private Bancorp of America, Inc.;;;;;;;;
2011;USA;Private Bancorp of America, Inc.;;;;;;;;
2012;USA;Private Bancorp of America, Inc.;;;;;;;;
2013;USA;Private Bancorp of America, Inc.;;;;;;;;
2014;USA;Private Bancorp of America, Inc.;;;;;;;;
2009;USA;Prosperity Bancshares, Inc.;3382801;8810459;691233;1413465;3969647;1762091.8;793929.4;0
2010;USA;Prosperity Bancshares, Inc.;1028415;3017518;731733;995856;2918201;603503.6;583640.2;0
2011;USA;Prosperity Bancshares, Inc.;1687609;4852474;766350;1374519;4052850;970494.8;810570;0
2012;USA;Prosperity Bancshares, Inc.;1688385;5586368;780650;1341183;4241587;931061.33;706931.17;0
2013;USA;Prosperity Bancshares, Inc.;2543869;7356254;791900;2291970;6745331;1226042.3;1124221.8;0
2014;USA;Prosperity Bancshares, Inc.;2726377;7850491;851567;2354853;6893637;1308415.2;1148939.5;0
2009;USA;Prudential Bancorp, Inc.;558010;1463560;283815;283815;592916;487853.33;197638.67;46808
2010;USA;Prudential Bancorp, Inc.;370951;741266;288072;308592;636917;247088.67;212305.67;46808
2011;USA;Prudential Bancorp, Inc.;370951;741266;308237;308592;636917;247088.67;212305.67;46808
2012;USA;Prudential Bancorp, Inc.;403059;984384;311319;330826;818401;246096;204600.25;46808
2013;USA;Prudential Bancorp, Inc.;534998;1189933;333111;353437;761990;297483.25;190497.5;63999
2014;USA;Prudential Bancorp, Inc.;434180;1216369;343105;365466;1034403;243273.8;206880.6;0
2009;USA;Putnam County National Bank of C;;;;;;;;
2010;USA;Putnam County National Bank of C;;;;;;;;
2011;USA;Putnam County National Bank of C;;;;;;;;
2012;USA;Putnam County National Bank of C;;;;;;;;
2013;USA;Putnam County National Bank of C;;;;;;;;
2014;USA;Putnam County National Bank of C;;;;;;;;
2009;USA;QNB Corp.;311567;1150719;275000;275000;926347;230143.8;185269.4;7053
2010;USA;QNB Corp.;347124;836543;300000;309000;737559;209135.75;184389.75;7510
2011;USA;QNB Corp.;366554;960890;310000;334087;831796;320296.67;277265.33;0
2012;USA;QNB Corp.;383305;1235885;320000;352000;1092443;308971.25;273110.75;0
2013;USA;QNB Corp.;353446;1157106;305000;305000;1001606;231421.2;200321.2;15368
2014;USA;QNB Corp.;394293;1233840;332567;349195;1096322;205640;182720.33;12192
2009;USA;Regions Financial Corporation;;;;;;;;
2010;USA;Regions Financial Corporation;;;;;;;;
2011;USA;Regions Financial Corporation;;;;;;;;
2012;USA;Regions Financial Corporation;;;;;;;;
2013;USA;Regions Financial Corporation;;;;;;;;
2014;USA;Regions Financial Corporation;;;;;;;;
2009;USA;Reliant Bancorp, Inc.;;;;;;;;
2010;USA;Reliant Bancorp, Inc.;;;;;;;;
2011;USA;Reliant Bancorp, Inc.;;;;;;;;
2012;USA;Reliant Bancorp, Inc.;;;;;;;;
2013;USA;Reliant Bancorp, Inc.;;;;;;;;
2014;USA;Reliant Bancorp, Inc.;;;;;;;;
2009;USA;Republic Bancorp, Inc.;;;;;;;;
2010;USA;Republic Bancorp, Inc.;;;;;;;;
2011;USA;Republic Bancorp, Inc.;;;;;;;;
2012;USA;Republic Bancorp, Inc.;;;;;;;;
2013;USA;Republic Bancorp, Inc.;;;;;;;;
2014;USA;Republic Bancorp, Inc.;;;;;;;;
2009;USA;River City Bank;;;;;;;;
2010;USA;River City Bank;;;;;;;;
2011;USA;River City Bank;;;;;;;;
2012;USA;River City Bank;;;;;;;;
2013;USA;River City Bank;;;;;;;;
2014;USA;River City Bank;;;;;;;;
2009;USA;River Valley Community Bancorp;;;;;;;;
2010;USA;River Valley Community Bancorp;;;;;;;;
2011;USA;River Valley Community Bancorp;;;;;;;;
2012;USA;River Valley Community Bancorp;;;;;;;;
2013;USA;River Valley Community Bancorp;;;;;;;;
2014;USA;River Valley Community Bancorp;;;;;;;;
2009;USA;SSNB, Inc.;;;;;;;;
2010;USA;SSNB, Inc.;;;;;;;;
2011;USA;SSNB, Inc.;;;;;;;;
2012;USA;SSNB, Inc.;;;;;;;;
2013;USA;SSNB, Inc.;;;;;;;;
2014;USA;SSNB, Inc.;;;;;;;;
2009;USA;SVB Financial Group;1870484;6850489;790223;1090223;4166030;978641.29;595147.14;412516
2010;USA;SVB Financial Group;3784540;9991404;1034654;2422154;6324015;1665234;1054002.5;432248
2011;USA;SVB Financial Group;9734342;18192247;1835581;6289361;11286648;2274030.9;1410831;618929
2012;USA;SVB Financial Group;3445568;11974167;932713;1752832;6337304;1710595.3;905329.14;766556
2013;USA;SVB Financial Group;3986888;12974291;835613;1760613;6460346;2162381.8;1076724.3;867018
2014;USA;SVB Financial Group;4072772;10257304;869167;1804167;5094580;2051460.8;1018916;1070211
2009;USA;Salisbury Bancorp, Inc.;366541;495722;301860;301860;431041;123930.5;107760.25;0
2010;USA;Salisbury Bancorp, Inc.;230947;451513;225673;225673;434455;225756.5;217227.5;0
2011;USA;Salisbury Bancorp, Inc.;298722;531792;276250;290000;510650;265896;255325;0
2012;USA;Salisbury Bancorp, Inc.;374763;658009;305973;366373;634555;329004.5;317277.5;0
2013;USA;Salisbury Bancorp, Inc.;555394;800517;308102;383102;611244;266839;203748;0
2014;USA;Salisbury Bancorp, Inc.;535875;1084232;327625;450375;867736;361410.67;289245.33;0
2009;USA;Santa Cruz County Bank;;;;;;;;
2010;USA;Santa Cruz County Bank;;;;;;;;
2011;USA;Santa Cruz County Bank;;;;;;;;
2012;USA;Santa Cruz County Bank;;;;;;;;
2013;USA;Santa Cruz County Bank;;;;;;;;
2014;USA;Santa Cruz County Bank;;;;;;;;
2009;USA;Security Federal Corp.;361080;1031202;232200;232200;744418;257800.5;186104.5;
2010;USA;Security Federal Corp.;379185;1090173;239350;239350;774566;272543.25;193641.5;
2011;USA;Security Federal Corp.;305756;1044637;215315;215315;766025;261159.25;191506.25;0
2012;USA;Security Federal Corp.;447547;923597;298879;298879;640802;230899.25;160200.5;0
2013;USA;Security Federal Corp.;276249;724126;220000;220000;581000;241375.33;193666.67;0
2014;USA;Security Federal Corp.;317071;803520;230500;230500;621375;267840;207125;0
2009;USA;Signature Bank;1706311;5108143;492308;1292308;3576539;1021628.6;715307.8;0
2010;USA;Signature Bank;2951040;9257613;550000;1750000;4690000;1851522.6;938000;0
2011;USA;Signature Bank;3918517;12522023;577500;2077500;5464500;2504404.6;1092900;0
2012;USA;Signature Bank;4637324;14713029;606500;2406500;6257250;2942605.8;1251450;0
2013;USA;Signature Bank;5611309;18335798;624695;2874695;7473475;3055966.3;1245579.2;0
2014;USA;Signature Bank;7657794;26185923;643436;3193436;8209207;4364320.5;1368201.2;0
2009;USA;Simmons First National Corporati;843509;2243320;474285;717726;1861098;448664;372219.6;0
2010;USA;Simmons First National Corporati;1349613;3675603;481876;800347;2084914;735120.6;416982.8;0
2011;USA;Simmons First National Corporati;1048722;2798024;488625;702761;1900860;559604.8;380172;0
2012;USA;Simmons First National Corporati;1244512;3357512;498500;886395;2409698;671502.4;481939.6;0
2013;USA;Simmons First National Corporati;2128691;4343163;923216;1560968;3013198;868632.6;602639.6;0
2014;USA;Simmons First National Corporati;1515210;5718272;502500;825748;3471778;953045.33;578629.67;0
2009;USA;Solera National Bancorp, Inc.;;;;;;;;
2010;USA;Solera National Bancorp, Inc.;;;;;;;;
2011;USA;Solera National Bancorp, Inc.;;;;;;;;
2012;USA;Solera National Bancorp, Inc.;;;;;;;;
2013;USA;Solera National Bancorp, Inc.;;;;;;;;
2014;USA;Solera National Bancorp, Inc.;;;;;;;;
2009;USA;Somerset Trust Holding Company;;;;;;;;
2010;USA;Somerset Trust Holding Company;;;;;;;;
2011;USA;Somerset Trust Holding Company;;;;;;;;
2012;USA;Somerset Trust Holding Company;;;;;;;;
2013;USA;Somerset Trust Holding Company;;;;;;;;
2014;USA;Somerset Trust Holding Company;;;;;;;;
2009;USA;SouthCrest Financial Group, Inc.;;;;;;;;
2010;USA;SouthCrest Financial Group, Inc.;;;;;;;;
2011;USA;SouthCrest Financial Group, Inc.;;;;;;;;
2012;USA;SouthCrest Financial Group, Inc.;;;;;;;;
2013;USA;SouthCrest Financial Group, Inc.;;;;;;;;
2014;USA;SouthCrest Financial Group, Inc.;;;;;;;;
2009;USA;Southeastern Banking Corporation;;;;;;;;
2010;USA;Southeastern Banking Corporation;;;;;;;;
2011;USA;Southeastern Banking Corporation;;;;;;;;
2012;USA;Southeastern Banking Corporation;;;;;;;;
2013;USA;Southeastern Banking Corporation;;;;;;;;
2014;USA;Southeastern Banking Corporation;;;;;;;;
2009;USA;Southern Banc Company, Inc.;;;;;;;;
2010;USA;Southern Banc Company, Inc.;;;;;;;;
2011;USA;Southern Banc Company, Inc.;;;;;;;;
2012;USA;Southern Banc Company, Inc.;;;;;;;;
2013;USA;Southern Banc Company, Inc.;;;;;;;;
2014;USA;Southern Banc Company, Inc.;;;;;;;;
2009;USA;Southern BancShares (N.C.), Inc.;;;;;;;;
2010;USA;Southern BancShares (N.C.), Inc.;;;;;;;;
2011;USA;Southern BancShares (N.C.), Inc.;;;;;;;;
2012;USA;Southern BancShares (N.C.), Inc.;;;;;;;;
2013;USA;Southern BancShares (N.C.), Inc.;;;;;;;;
2014;USA;Southern BancShares (N.C.), Inc.;;;;;;;;
2009;USA;Southside Bancshares, Inc.;815106;3793438;505050;718295;2661437;758687.6;532287.4;
2010;USA;Southside Bancshares, Inc.;845029;4248757;509600;673300;2588653;849751.4;517730.6;0
2011;USA;Southside Bancshares, Inc.;1148794;6086367;546100;785363;2805562;1217273.4;561112.4;150155
2012;USA;Southside Bancshares, Inc.;2111026;6311108;450000;586250;2379426;1051851.3;396571;112503
2013;USA;Southside Bancshares, Inc.;889234;3348565;461700;639412;2134606;669713;426921.2;115426
2014;USA;Southside Bancshares, Inc.;2565035;5965241;486524;689350;2132368;1193048.2;426473.6;0
2009;USA;Southwest Georgia Financial Corp;;;;;;;;
2010;USA;Southwest Georgia Financial Corp;;;;;;;;
2011;USA;Southwest Georgia Financial Corp;;;;;;;;
2012;USA;Southwest Georgia Financial Corp;;;;;;;;
2013;USA;Southwest Georgia Financial Corp;;;;;;;;
2014;USA;Southwest Georgia Financial Corp;;;;;;;;
2009;USA;Sterling Bancorp;995895;2534541;550654;722734;1929597;506908.2;385919.4;115413
2010;USA;Sterling Bancorp;1142771;2881078;555408;867825;2234224;576215.6;446844.8;4724
2011;USA;Sterling Bancorp;4022938;5659771;573907;648907;1717163;943295.17;286193.83;249998
2012;USA;Sterling Bancorp;1004468;3660955;550000;962500;2715389;610159.17;452564.83;0
2013;USA;Sterling Bancorp;1500717;4200618;596154;876346;2684479;700103;447413.17;147693
2014;USA;Sterling Bancorp;1314175;4316046;646154;646154;2167064;863209.2;433412.8;330543
2009;USA;Steuben Trust Corporation;;;;;;;;
2010;USA;Steuben Trust Corporation;;;;;;;;
2011;USA;Steuben Trust Corporation;;;;;;;;
2012;USA;Steuben Trust Corporation;;;;;;;;
2013;USA;Steuben Trust Corporation;;;;;;;;
2014;USA;Steuben Trust Corporation;;;;;;;;
2009;USA;Summit Bancshares, Inc.;;;;;;;;
2010;USA;Summit Bancshares, Inc.;;;;;;;;
2011;USA;Summit Bancshares, Inc.;;;;;;;;
2012;USA;Summit Bancshares, Inc.;;;;;;;;
2013;USA;Summit Bancshares, Inc.;;;;;;;;
2014;USA;Summit Bancshares, Inc.;;;;;;;;
2009;USA;Suncrest Bank;;;;;;;;
2010;USA;Suncrest Bank;;;;;;;;
2011;USA;Suncrest Bank;;;;;;;;
2012;USA;Suncrest Bank;;;;;;;;
2013;USA;Suncrest Bank;;;;;;;;
2014;USA;Suncrest Bank;;;;;;;;
2009;USA;Susquehanna Community Financial,;;;;;;;;
2010;USA;Susquehanna Community Financial,;;;;;;;;
2011;USA;Susquehanna Community Financial,;;;;;;;;
2012;USA;Susquehanna Community Financial,;;;;;;;;
2013;USA;Susquehanna Community Financial,;;;;;;;;
2014;USA;Susquehanna Community Financial,;;;;;;;;
2009;USA;Territorial Bancorp Inc.;2210878;4072389;801954;1363322;2698398;814477.8;539679.6;0
2010;USA;Territorial Bancorp Inc.;6788586;15158832;817993;1635986;3164047;3031766.4;632809.4;1048838
2011;USA;Territorial Bancorp Inc.;2332299;4736345;834353;1668706;3227328;947269;645465.6;0
2012;USA;Territorial Bancorp Inc.;2089460;4538195;842697;1685394;3275190;907639;655038;0
2013;USA;Territorial Bancorp Inc.;2037739;4335957;851124;1702248;3308525;867191.4;661705;0
2014;USA;Territorial Bancorp Inc.;1961971;4298066;851124;1480700;2919788;859613.2;583957.6;0
2009;USA;Tompkins Financial Corporation;1043548;3911889;390058;545058;1995605;558841.29;285086.43;288860
2010;USA;Tompkins Financial Corporation;895276;3351110;444596;609596;2117423;558518.33;352903.83;0
2011;USA;Tompkins Financial Corporation;1564066;5589752;451953;626953;2181552;931625.33;363592;97276
2012;USA;Tompkins Financial Corporation;1198307;4031168;474898;618898;2191919;671861.33;365319.83;0
2013;USA;Tompkins Financial Corporation;1168670;3010718;505846;705846;1855665;752679.5;463916.25;59589
2014;USA;Tompkins Financial Corporation;2183892;6258246;533900;721900;2293489;1251649.2;458697.8;61152
2009;USA;Touchmark Bancshares, Inc.;;;;;;;;
2010;USA;Touchmark Bancshares, Inc.;;;;;;;;
2011;USA;Touchmark Bancshares, Inc.;;;;;;;;
2012;USA;Touchmark Bancshares, Inc.;;;;;;;;
2013;USA;Touchmark Bancshares, Inc.;;;;;;;;
2014;USA;Touchmark Bancshares, Inc.;;;;;;;;
2009;USA;Town and Country Financial Corpo;;;;;;;;
2010;USA;Town and Country Financial Corpo;;;;;;;;
2011;USA;Town and Country Financial Corpo;;;;;;;;
2012;USA;Town and Country Financial Corpo;;;;;;;;
2013;USA;Town and Country Financial Corpo;;;;;;;;
2014;USA;Town and Country Financial Corpo;;;;;;;;
2009;USA;Trinity Bank, N.A.;;;;;;;;
2010;USA;Trinity Bank, N.A.;;;;;;;;
2011;USA;Trinity Bank, N.A.;;;;;;;;
2012;USA;Trinity Bank, N.A.;;;;;;;;
2013;USA;Trinity Bank, N.A.;;;;;;;;
2014;USA;Trinity Bank, N.A.;;;;;;;;
2009;USA;TrustCo Bank Corp NY;1268812;3189690;880000;880000;2258050;637938;451610;0
2010;USA;TrustCo Bank Corp NY;1264124;3454984;880000;880000;2421204;690996.8;484240.8;0
2011;USA;TrustCo Bank Corp NY;1762930;4748662;880000;1049400;2931075;949732.4;586215;147750
2012;USA;TrustCo Bank Corp NY;2038220;5325089;880000;1133000;3147938;1065017.8;629587.6;66120
2013;USA;TrustCo Bank Corp NY;2127828;5731139;880000;1126400;3178339;1146227.8;635667.8;85320
2014;USA;TrustCo Bank Corp NY;2258405;6743359;880000;1126400;3432895;1123893.2;572149.17;46500
2009;USA;Turbotville National Bancorp, In;;;;;;;;
2010;USA;Turbotville National Bancorp, In;;;;;;;;
2011;USA;Turbotville National Bancorp, In;;;;;;;;
2012;USA;Turbotville National Bancorp, In;;;;;;;;
2013;USA;Turbotville National Bancorp, In;;;;;;;;
2014;USA;Turbotville National Bancorp, In;;;;;;;;
2009;USA;UMB Financial Corporation;1455687;5702073;550000;882758;3104766;1140414.6;620953.2;192492
2010;USA;UMB Financial Corporation;1611986;5420157;600000;1022812;3443969;1084031.4;688793.8;192500
2011;USA;UMB Financial Corporation;1986570;6863407;695765;1350965;4296088;1372681.4;859217.6;215247
2012;USA;UMB Financial Corporation;2270712;6594392;762308;1523746;4258908;1648598;1064727;251997
2013;USA;UMB Financial Corporation;2749453;8078618;792885;1870523;5189907;2019654.5;1297476.8;298366
2014;USA;UMB Financial Corporation;3027571;8943279;847373;1795694;5724577;1490546.5;954096.17;419996
2009;USA;United Bancorp, Inc.;968949;1241873;401493;470132;608043;413957.67;202681;0
2010;USA;United Bancorp, Inc.;570213;714674;414974;474205;613388;238224.67;204462.67;0
2011;USA;United Bancorp, Inc.;552202;704961;422188;507119;653274;234987;217758;0
2012;USA;United Bancorp, Inc.;480058;617730;435545;435545;566558;205910;188852.67;0
2013;USA;United Bancorp, Inc.;624402;963397;451512;578509;906416;240849.25;226604;0
2014;USA;United Bancorp, Inc.;461216;797064;369523;413541;735500;199266;183875;0
2009;USA;United Bancorporation of Alabama;;;;;;;;
2010;USA;United Bancorporation of Alabama;;;;;;;;
2011;USA;United Bancorporation of Alabama;;;;;;;;
2012;USA;United Bancorporation of Alabama;;;;;;;;
2013;USA;United Bancorporation of Alabama;;;;;;;;
2014;USA;United Bancorporation of Alabama;;;;;;;;
2009;USA;United Community Banks, Inc.;864107;3105961;400000;400000;1754000;517660.17;292333.33;0
2010;USA;United Community Banks, Inc.;744278;2576963;400000;400000;1765225;429493.83;294204.17;0
2011;USA;United Community Banks, Inc.;1111539;3919289;454000;454000;1680700;783857.8;336140;0
2012;USA;United Community Banks, Inc.;785901;4286687;500000;500000;2179200;714447.83;363200;0
2013;USA;United Community Banks, Inc.;3547449;11867253;550000;850000;2917200;2373450.6;583440;0
2014;USA;United Community Banks, Inc.;1557495;4629782;600000;1000000;3175000;925956.4;635000;0
2009;USA;VSB Bancorp, Inc.;350078;350078;237115;314508;314508;350078;314508;0
2010;USA;VSB Bancorp, Inc.;472616;472616;250794;331799;331799;472616;331799;14160
2011;USA;VSB Bancorp, Inc.;366439;366439;264133;330940;330940;366439;330940;0
2012;USA;VSB Bancorp, Inc.;404978;404978;281402;342781;342781;404978;342781;0
2013;USA;VSB Bancorp, Inc.;404978;404978;281402;342781;342781;404978;342781;0
2014;USA;VSB Bancorp, Inc.;404978;404978;281402;342781;342781;404978;342781;0
2009;USA;WVS Financial Corp.;;;;;;;;
2010;USA;WVS Financial Corp.;;;;;;;;
2011;USA;WVS Financial Corp.;;;;;;;;
2012;USA;WVS Financial Corp.;;;;;;;;
2013;USA;WVS Financial Corp.;;;;;;;;
2014;USA;WVS Financial Corp.;;;;;;;;
2009;USA;Washington Trust Bancorp, Inc.;980546;3321557;499804;559804;2153924;474508.14;307703.43;0
2010;USA;Washington Trust Bancorp, Inc.;2035493;4264061;638461;1005461;2438884;710676.83;406480.67;0
2011;USA;Washington Trust Bancorp, Inc.;1098788;4003996;464712;704712;2182875;800799.2;436575;0
2012;USA;Washington Trust Bancorp, Inc.;1248494;4377403;479712;765740;2272583;875480.6;454516.6;0
2013;USA;Washington Trust Bancorp, Inc.;1294116;4327300;499538;786773;2272738;721216.67;378789.67;0
2014;USA;Washington Trust Bancorp, Inc.;1134661;4193981;514596;833003;2552493;838796.2;510498.6;0
2009;USA;Wayne Savings Bancshares, Inc.;240333;556869;187200;209200;497936;185623;165978.67;0
2010;USA;Wayne Savings Bancshares, Inc.;228834;564810;187200;211200;517654;188270;172551.33;0
2011;USA;Wayne Savings Bancshares, Inc.;228834;564810;187200;211200;517654;188270;172551.33;0
2012;USA;Wayne Savings Bancshares, Inc.;251140;685829;200000;209000;585794;171457.25;146448.5;0
2013;USA;Wayne Savings Bancshares, Inc.;260016;717918;201035;211089;596806;179479.5;149201.5;0
2014;USA;Wayne Savings Bancshares, Inc.;477470;763490;365222;388828;633077;190872.5;158269.25;0
2008;USA;Wells Fargo & Company;2680091;6088067;761000;1321782;2916235;869723.86;416605;491992
2009;USA;Wells Fargo & Company;3004629;5701141;851538;1557034;3024744;950190.17;504124;492128
2010;USA;Wells Fargo & Company;2918826;4967058;864146;1380534;2418095;993411.6;483619;506770
2011;USA;Wells Fargo & Company;4885725;9477539;1121692;2658632;5228164;1579589.8;871360.67;728084
2012;USA;Wells Fargo & Company;3516936;7203940;1214000;2055114;4175220;1200656.7;695870;0
2013;USA;Wells Fargo & Company;5396568;9525533;1414000;2411408;4810905;1587588.8;801817.5;0
2014;USA;Wells Fargo & Company;4672500;11691071;1414000;2450415;5464968;1670153;780709.71;0
2009;USA;West Suburban Bancorp, Inc.;;2302603;;;1315325;460520.6;263065;
2010;USA;West Suburban Bancorp, Inc.;;1463845;;;1086970;365961.25;271742.5;
2011;USA;West Suburban Bancorp, Inc.;;1447011;;;1086970;361752.75;271742.5;
2012;USA;West Suburban Bancorp, Inc.;;1447011;;;1086970;361752.75;271742.5;
2013;USA;West Suburban Bancorp, Inc.;;1447011;;;1086970;361752.75;271742.5;
2014;USA;West Suburban Bancorp, Inc.;;1447011;;;1086970;361752.75;271742.5;
2009;USA;Westamerica Bancorporation;840476;2737560;371000;821000;1751104;547512;350220.8;1128333
2010;USA;Westamerica Bancorporation;642104;2738497;371000;621000;1557904;547699.4;311580.8;0
2011;USA;Westamerica Bancorporation;766679;2801460;371000;621000;1562704;560292;312540.8;0
2012;USA;Westamerica Bancorporation;639750;2735767;371000;621000;1572004;547153.4;314400.8;0
2013;USA;Westamerica Bancorporation;636437;2727462;371000;621000;1573904;545492.4;314780.8;0
2014;USA;Westamerica Bancorporation;611471;3138967;371000;596000;1750364;523161.17;291727.33;0
2009;USA;Western New England Bancorp, Inc;454811;1477065;315016;330767;1008066;295413;201613.2;0
2010;USA;Western New England Bancorp, Inc;445487;1385480;324480;324480;994794;277096;198958.8;0
2011;USA;Western New England Bancorp, Inc;455213;1414319;334230;352613;1088533;282863.8;217706.6;0
2012;USA;Western New England Bancorp, Inc;465078;1434611;350942;371998;1138731;286922.2;227746.2;0
2013;USA;Western New England Bancorp, Inc;449105;1395872;361470;372314;1139699;279174.4;227939.8;0
2014;USA;Western New England Bancorp, Inc;495926;1555197;386634;408973;1261191;311039.4;252238.2;0
1998;Venezuela;Banco Bolívar;;;;;;;;
1999;Venezuela;Banco Bolívar;;;;;;;;
2000;Venezuela;Banco Bolívar;;;;;;;;
1997;Venezuela;Banco Caracas CA Banco Universal;;;;;;;;
1998;Venezuela;Banco Caracas CA Banco Universal;;;;;;;;
1999;Venezuela;Banco Caracas CA Banco Universal;;;;;;;;
2000;Venezuela;Banco Caracas CA Banco Universal;;;;;;;;
1994;Venezuela;Banco De Venezuela, SA Banco Uni;;;;;;;;
1995;Venezuela;Banco De Venezuela, SA Banco Uni;;;;;;;;
1996;Venezuela;Banco De Venezuela, SA Banco Uni;;;;;;;;
1997;Venezuela;Banco De Venezuela, SA Banco Uni;;;;;;;;
1998;Venezuela;Banco De Venezuela, SA Banco Uni;;;;;;;;
1999;Venezuela;Banco De Venezuela, SA Banco Uni;;;;;;;;
2000;Venezuela;Banco De Venezuela, SA Banco Uni;;;;;;;;
1995;Venezuela;Banco Latino, C.A. S.A.C.A.;;;;;;;;
1995;Venezuela;Banco Republica C.A;;;;;;;;
1996;Venezuela;Banco Republica C.A;;;;;;;;
1997;Venezuela;Banco Republica C.A;;;;;;;;
1998;Venezuela;Banco Republica C.A;;;;;;;;
1999;Venezuela;Banco Republica C.A;;;;;;;;
2000;Venezuela;Banco Republica C.A;;;;;;;;
1994;Venezuela;Banco de la Republica Oriental d;;;;;;;;
